2025-01-15 10:25:28,825 - INFO - Found 186 tables and 41 views
2025-01-15 10:25:28,832 - INFO - Generated 227 configurations
2025-01-15 10:25:28,976 - INFO - Processed riwayat_kode_etik: 27 documents
2025-01-15 10:25:29,229 - INFO - Processed riwayat_ubah_drh: 1509 documents
2025-01-15 10:25:29,374 - INFO - Processed riwayat_anak: 69 documents
2025-01-15 10:25:29,519 - INFO - Processed apd_usulan_lampiran: 210 documents
2025-01-15 10:25:29,676 - INFO - Processed usermng_hakakses_modul: 1073 documents
2025-01-15 10:25:30,149 - INFO - Processed vw_personel_analytic: 368 documents
2025-01-15 10:25:30,238 - INFO - Processed riwayat_organisasi: 0 documents
2025-01-15 10:25:30,376 - INFO - Processed riwayat_prestasi: 2 documents
2025-01-15 10:25:30,481 - INFO - Processed master_syarat_mutasi_antarinstansi: 24 documents
2025-01-15 10:25:30,581 - INFO - Processed vw_keluarga: 69 documents
2025-01-15 10:25:30,693 - INFO - Processed pemisahan_usulan: 207 documents
2025-01-15 10:25:30,819 - INFO - Processed riwayat_pelanggaran: 202 documents
2025-01-15 10:25:30,915 - INFO - Processed vw_asn_umur: 130 documents
2025-01-15 10:25:31,032 - INFO - Processed riwayat_pemberhentian: 101 documents
2025-01-15 10:25:31,141 - INFO - Processed perencanaankebutuhan: 114 documents
2025-01-15 10:25:31,246 - INFO - Processed usermng_menu: 0 documents
2025-01-15 10:25:31,342 - INFO - Processed hukuman_disiplin_dokumen: 125 documents
2025-01-15 10:25:31,822 - INFO - Processed notifikasi: 3832 documents
2025-01-15 10:25:31,950 - INFO - Processed kgb_usulan: 514 documents
2025-01-15 10:25:32,046 - INFO - Processed vw_pelanggaran_terakhir: 70 documents
2025-01-15 10:25:32,142 - INFO - Processed master_hukuman_old: 3 documents
2025-01-15 10:25:32,254 - INFO - Processed jabatan_satker: 164 documents
2025-01-15 10:25:32,382 - INFO - Processed vw_jabatan_terakhir: 239 documents
2025-01-15 10:25:32,485 - INFO - Processed agama: 7 documents
2025-01-15 10:25:32,594 - INFO - Processed riwayat_bahasa: 61 documents
2025-01-15 10:25:32,900 - INFO - Processed pers_ropeg: 361 documents
2025-01-15 10:25:33,162 - INFO - Processed personel: 386 documents
2025-01-15 10:25:33,279 - INFO - Processed vw_kursus_terakhir: 32 documents
2025-01-15 10:25:33,452 - INFO - Processed policy_flow_configuration: 48 documents
2025-01-15 10:25:33,565 - INFO - Processed vw_kinerja_terakhir: 24 documents
2025-01-15 10:25:33,667 - INFO - Processed kgb_update_terjadwal: 2 documents
2025-01-15 10:25:33,806 - INFO - Processed riwayat_gaji: 227 documents
2025-01-15 10:25:33,999 - INFO - Processed personel_backup: 314 documents
2025-01-15 10:25:34,104 - INFO - Processed vw_kekuatan_pns: 114 documents
2025-01-15 10:25:34,225 - INFO - Processed config_workflow_status: 26 documents
2025-01-15 10:25:34,424 - INFO - Processed hukuman_disiplin_catatan: 61 documents
2025-01-15 10:25:34,801 - INFO - Processed satker: 1159 documents
2025-01-15 10:25:34,951 - INFO - Processed pemisahan_usulan_lampiran: 71 documents
2025-01-15 10:25:35,144 - INFO - Processed riwayat_pengajuan_cuti_saldo: 1794 documents
2025-01-15 10:25:35,247 - INFO - Processed riwayat_peninjauan_masa_kerja: 23 documents
2025-01-15 10:25:35,364 - INFO - Processed userlogin: 176 documents
2025-01-15 10:25:35,463 - INFO - Processed vw_tugas_operasi_terakhir: 14 documents
2025-01-15 10:25:35,561 - INFO - Processed master_pejabat: 27 documents
2025-01-15 10:25:35,685 - INFO - Processed config_workflow_properti_transaksi: 83 documents
2025-01-15 10:25:35,786 - INFO - Processed config_workflow_state: 24 documents
2025-01-15 10:25:35,899 - INFO - Processed jabatan: 118 documents
2025-01-15 10:25:35,999 - INFO - Processed riwayat_mertua: 43 documents
2025-01-15 10:25:36,104 - INFO - Processed user_usergroup: 362 documents
2025-01-15 10:25:36,207 - INFO - Processed master_klasifikasi_jabatan: 27 documents
2025-01-15 10:25:36,300 - INFO - Processed riwayat_kompetensi: 10 documents
2025-01-15 10:25:36,429 - INFO - Processed riwayat_jabatan: 452 documents
2025-01-15 10:25:36,528 - INFO - Processed verifikasi_perekaman_wajah: 1 documents
2025-01-15 10:25:36,715 - INFO - Processed pemisahan_tni_usulan: 0 documents
2025-01-15 10:25:36,822 - INFO - Processed riwayat_nikah: 72 documents
2025-01-15 10:25:36,916 - INFO - Processed cuti_kunci_saldo: 10 documents
2025-01-15 10:25:37,137 - INFO - Processed queue_integrasi: 4124 documents
2025-01-15 10:25:37,231 - INFO - Processed master_suku_bangsa: 150 documents
2025-01-15 10:25:37,327 - INFO - Processed vw_tanda_jasa_terakhir: 46 documents
2025-01-15 10:25:37,421 - INFO - Processed riwayat_penilaian_kompetensi: 11 documents
2025-01-15 10:25:37,519 - INFO - Processed hukuman_disiplin_lampiran: 71 documents
2025-01-15 10:25:37,697 - INFO - Processed riwayat_orang_tua: 45 documents
2025-01-15 10:25:37,814 - INFO - Processed vw_jml_anak: 386 documents
2025-01-15 10:25:38,020 - INFO - Processed vw_dinas_terakhir: 43 documents
2025-01-15 10:25:38,131 - INFO - Processed apd_usulan: 176 documents
2025-01-15 10:25:38,224 - INFO - Processed kalender_diklat: 57 documents
2025-01-15 10:25:38,317 - INFO - Processed master_hari_libur: 19 documents
2025-01-15 10:25:38,442 - INFO - Processed perencanaankebutuhan_proyeksi: 780 documents
2025-01-15 10:25:38,539 - INFO - Processed config_workflow_state_transition: 23 documents
2025-01-15 10:25:41,802 - INFO - Processed histori_integrasi: 809 documents
2025-01-15 10:25:41,902 - INFO - Processed vw_pendidikan_terakhir: 72 documents
2025-01-15 10:25:41,996 - INFO - Processed master_diklat: 157 documents
2025-01-15 10:25:42,179 - INFO - Processed riwayat_dinas: 105 documents
2025-01-15 10:25:42,339 - INFO - Processed vw_pers_bentuk_5_tni: 225 documents
2025-01-15 10:25:42,498 - INFO - Processed vw_gaji_terakhir: 107 documents
2025-01-15 10:25:42,649 - INFO - Processed riwayat_pengajuan_bantuan_lampiran: 143 documents
2025-01-15 10:25:42,793 - INFO - Processed apd_usulan_pejabat_bertugas: 525 documents
2025-01-15 10:25:42,942 - INFO - Processed vw_pers_kekuatan_perjabatan_eselon: 341 documents
2025-01-15 10:25:43,082 - INFO - Processed riwayat_ubah_drh_verifikasi: 571 documents
2025-01-15 10:25:43,173 - INFO - Processed master_syarat_cuti: 23 documents
2025-01-15 10:25:43,299 - INFO - Processed vw_pers_pensiun_pns: 386 documents
2025-01-15 10:25:43,422 - INFO - Processed riwayat_pangkat: 381 documents
2025-01-15 10:25:43,508 - INFO - Processed wf_mutasi_kandidat: 0 documents
2025-01-15 10:25:43,609 - INFO - Processed mutasi_antarinstansi: 62 documents
2025-01-15 10:25:43,739 - INFO - Processed hukuman_disiplin: 153 documents
2025-01-15 10:25:43,861 - INFO - Processed catatan_transaksi: 87 documents
2025-01-15 10:25:44,066 - INFO - Processed log_activity: 0 documents
2025-01-15 10:25:44,217 - INFO - Processed mutasi_antarinstansi_persyaratan: 413 documents
2025-01-15 10:25:44,412 - ERROR - Error processing lembar_kerja_kategori: syntax error at or near "table"
LINE 3: ...CT tipe_data, lembar_kerja_kategori_id, function, table, col...
                                                             ^

2025-01-15 10:25:44,550 - INFO - Processed riwayat_pengajuan_cuti: 508 documents
2025-01-15 10:25:44,659 - INFO - Processed kalender_diklat_lampiran: 69 documents
2025-01-15 10:25:44,833 - INFO - Processed riwayat_kinerja: 45 documents
2025-01-15 10:25:44,943 - INFO - Processed vw_pers_tanda_jasa_tni: 236 documents
2025-01-15 10:25:45,060 - INFO - Processed vw_pers_pendidikan_formal_pns: 77 documents
2025-01-15 10:25:45,166 - INFO - Processed pemisahan_master_jenis_pemberhentian: 7 documents
2025-01-15 10:25:45,701 - INFO - Processed master_gaji: 10626 documents
2025-01-15 10:25:45,809 - INFO - Processed lembar_kerja_filter: 4 documents
2025-01-15 10:25:45,928 - INFO - Processed usergroup: 129 documents
2025-01-15 10:25:46,105 - INFO - Processed vw_pers_eselon_pns: 88 documents
2025-01-15 10:25:46,231 - INFO - Processed vw_bahasa_terakhir: 24 documents
2025-01-15 10:25:46,347 - INFO - Processed penetapangelar: 98 documents
2025-01-15 10:25:46,457 - INFO - Processed master_jenis_cuti: 6 documents
2025-01-15 10:25:46,565 - INFO - Processed vw_jabatan_terakhir_laporan: 221 documents
2025-01-15 10:25:46,680 - INFO - Processed vw_pendidikan_tunggal: 105 documents
2025-01-15 10:25:46,768 - INFO - Processed master_jeniskp: 5 documents
2025-01-15 10:25:46,879 - INFO - Processed riwayat_tugas_operasi: 47 documents
2025-01-15 10:25:47,050 - INFO - Processed agenda_lampiran: 154 documents
2025-01-15 10:25:47,207 - INFO - Processed pendidikan: 319 documents
2025-01-15 10:25:47,305 - INFO - Processed riwayat_pendidikan_militer: 62 documents
2025-01-15 10:25:47,415 - INFO - Processed vw_pers_tanda_jasa_pns: 117 documents
2025-01-15 10:25:47,515 - INFO - Processed sumberprajurit: 6 documents
2025-01-15 10:25:47,618 - INFO - Processed master_jenis_bantuan: 6 documents
2025-01-15 10:25:47,881 - INFO - Processed master_kenaikan_gaji: 7 documents
2025-01-15 10:25:47,995 - INFO - Processed penetapangelar_lampiran: 88 documents
2025-01-15 10:25:48,188 - INFO - Processed cuti_lampiran: 19 documents
2025-01-15 10:25:48,305 - INFO - Processed agenda: 159 documents
2025-01-15 10:25:48,431 - INFO - Processed riwayat_hukuman_disiplin: 21 documents
2025-01-15 10:25:48,593 - INFO - Processed riwayat_pendidikan: 148 documents
2025-01-15 10:25:48,987 - INFO - Processed riwayat_tanda_jasa: 78 documents
2025-01-15 10:25:49,106 - INFO - Processed vw_diklat_terakhir: 25 documents
2025-01-15 10:25:49,265 - INFO - Processed riwayat_kursus: 69 documents
2025-01-15 10:25:49,389 - INFO - Processed hukuman_disiplin_log: 460 documents
2025-01-15 10:25:49,490 - INFO - Processed vw_dikmil_terkahir: 23 documents
2025-01-15 10:25:49,583 - INFO - Processed pangkat: 22 documents
2025-01-15 10:25:49,705 - INFO - Processed pangkat_pppk: 6 documents
2025-01-15 10:25:49,877 - INFO - Processed master_status_kawin: 4 documents
2025-01-15 10:25:50,003 - INFO - Processed vw_pers_agama_tni: 225 documents
2025-01-15 10:25:50,155 - INFO - Processed kalender_diklat_persyaratan: 178 documents
2025-01-15 10:25:50,252 - INFO - Processed master_hukuman: 22 documents
2025-01-15 10:25:50,348 - INFO - Processed riwayat_diklat: 53 documents
2025-01-15 10:25:50,553 - INFO - Processed vw_tni_persatker: 106 documents
2025-01-15 10:25:50,651 - INFO - Processed vw_pers_agama_pns: 114 documents
2025-01-15 10:25:50,734 - INFO - Processed captcha: 0 documents
2025-01-15 10:25:50,847 - INFO - Processed kgb_lampiran_usulan: 0 documents
2025-01-15 10:25:50,969 - INFO - Processed rkp_personel: 23 documents
2025-01-15 10:25:51,078 - INFO - Processed config_workflow_cuti: 6 documents
2025-01-15 10:25:51,634 - INFO - Processed config_workflow_populate_task: 10717 documents
2025-01-15 10:25:51,742 - INFO - Processed vw_kekuatan_tni: 194 documents
2025-01-15 10:25:51,841 - INFO - Processed hukuman_disiplin_pemeriksaan: 29 documents
2025-01-15 10:25:51,929 - INFO - Processed config_workflow_task: 27 documents
2025-01-15 10:25:52,019 - INFO - Processed riwayat_pengajuan_bantuan: 73 documents
2025-01-15 10:25:52,137 - INFO - Processed vw_pers_pendidikan_formal_tni: 229 documents
2025-01-15 10:25:52,229 - INFO - Processed config_workflow: 8 documents
2025-01-15 10:25:52,427 - INFO - Processed matra: 3 documents
2025-01-15 10:25:52,520 - INFO - Processed usermng_modul: 27 documents
2025-01-15 10:25:52,616 - INFO - Processed hukuman_disiplin_alat_bukti: 38 documents
2025-01-15 10:25:52,714 - INFO - Processed master_bahasa: 189 documents
2025-01-15 10:25:52,819 - INFO - Processed vw_pangkat_tunggal: 261 documents
2025-01-15 10:25:52,926 - INFO - Processed vw_pers_bentuk_5_pns: 78 documents
2025-01-15 10:25:53,029 - INFO - Processed mutasi_antarinstansi_persyaratan_lampiran: 330 documents
2025-01-15 10:25:53,135 - INFO - Processed config_workflow_task_permission: 11 documents
2025-01-15 10:25:53,233 - INFO - Processed pengumuman: 16 documents
2025-01-15 10:25:53,331 - INFO - Processed vw_kekuatan_peruo_pns: 92 documents
2025-01-15 10:25:53,432 - INFO - Processed riwayat_referensi: 13 documents
2025-01-15 10:25:53,529 - INFO - Processed vw_mutasi_keluar: 17 documents
2025-01-15 10:25:53,623 - INFO - Processed master_jenis_kursus: 12 documents
2025-01-15 10:25:53,828 - INFO - Processed master_negara: 258 documents
2025-01-15 10:25:53,921 - INFO - Processed master_status_mutasi_antarinstansi: 6 documents
2025-01-15 10:25:53,994 - INFO - Processed master_status_ubah_drh: 10 documents
2025-01-15 10:25:54,097 - INFO - Processed vw_asn_persatker: 92 documents
2025-01-15 10:25:54,180 - INFO - Processed master_tanda_jasa: 8 documents
2025-01-15 10:25:54,287 - INFO - Processed vw_umur_tni: 243 documents
2025-01-15 10:25:54,408 - INFO - Processed vw_pers_pensiun_tni: 244 documents
2025-01-15 10:25:54,527 - INFO - Processed master_eselon: 9 documents
2025-01-15 10:25:54,644 - INFO - Processed master_status_hukuman_disiplin: 6 documents
2025-01-15 10:25:54,756 - INFO - Processed perencanaankebutuhan_pensiun: 780 documents
2025-01-15 10:25:54,855 - INFO - Processed vw_kekuatan_perpangkat_golongan: 106 documents
2025-01-15 10:25:54,948 - INFO - Processed config_login: 1 documents
2025-01-15 10:25:55,044 - INFO - Processed usermng_fitur: 270 documents
2025-01-15 10:25:55,142 - INFO - Processed usermng_hakakses: 0 documents
2025-01-15 10:25:55,330 - INFO - Processed master_status: 4 documents
2025-01-15 10:25:55,415 - INFO - Processed master_tipe_pegawai: 5 documents
2025-01-15 10:25:55,513 - INFO - Processed kabupaten: 581 documents
2025-01-15 10:25:55,610 - INFO - Processed perencanaankebutuhan_status_satker: 9 documents
2025-01-15 10:25:55,704 - INFO - Processed kecabangan: 78 documents
2025-01-15 10:25:55,804 - INFO - Processed master_tipe_jabatan_struktural: 7 documents
2025-01-15 10:25:55,889 - INFO - Processed provinsi: 34 documents
2025-01-15 10:25:55,986 - INFO - Processed master_status_pegawai: 12 documents
2025-01-15 10:25:56,070 - INFO - Processed master_status_pengajuan_cuti: 16 documents
2025-01-15 10:25:56,160 - INFO - Processed augmentasi_foto: 0 documents
2025-01-15 10:25:56,324 - INFO - Processed kecamatan: 3954 documents
2025-01-15 10:25:56,512 - INFO - Processed master_jenis_satker: 118 documents
2025-01-15 10:25:56,599 - INFO - Processed master_status_pencantuman_gelar: 6 documents
2025-01-15 10:25:56,697 - INFO - Processed dokumen: 4 documents
2025-01-15 10:25:58,761 - INFO - Processed desa: 66294 documents
2025-01-15 10:25:58,872 - INFO - Processed kategoripersonel: 43 documents
2025-01-15 10:25:58,991 - INFO - Processed vw_umur_personel: 386 documents
2025-01-15 10:25:59,198 - INFO - Processed pers_ropeg: 361 documents
2025-01-15 10:25:59,291 - INFO - Processed vw_asn_persatker: 92 documents
2025-01-15 10:25:59,386 - INFO - Processed vw_asn_umur: 130 documents
2025-01-15 10:25:59,474 - INFO - Processed vw_bahasa_terakhir: 24 documents
2025-01-15 10:25:59,563 - INFO - Processed vw_diklat_terakhir: 25 documents
2025-01-15 10:25:59,654 - INFO - Processed vw_dikmil_terkahir: 23 documents
2025-01-15 10:25:59,754 - INFO - Processed vw_dinas_terakhir: 43 documents
2025-01-15 10:25:59,866 - INFO - Processed vw_gaji_terakhir: 107 documents
2025-01-15 10:25:59,992 - INFO - Processed vw_jabatan_terakhir: 239 documents
2025-01-15 10:26:00,138 - INFO - Processed vw_jabatan_terakhir_laporan: 221 documents
2025-01-15 10:26:00,255 - INFO - Processed vw_jml_anak: 386 documents
2025-01-15 10:26:00,373 - INFO - Processed vw_kekuatan_perpangkat_golongan: 106 documents
2025-01-15 10:26:00,513 - INFO - Processed vw_kekuatan_peruo_pns: 92 documents
2025-01-15 10:26:00,603 - INFO - Processed vw_kekuatan_pns: 114 documents
2025-01-15 10:26:00,822 - INFO - Processed vw_kekuatan_tni: 194 documents
2025-01-15 10:26:00,923 - INFO - Processed vw_keluarga: 69 documents
2025-01-15 10:26:01,016 - INFO - Processed vw_kinerja_terakhir: 24 documents
2025-01-15 10:26:01,100 - INFO - Processed vw_kursus_terakhir: 32 documents
2025-01-15 10:26:01,267 - INFO - Processed vw_mutasi_keluar: 17 documents
2025-01-15 10:26:01,360 - INFO - Processed vw_pangkat_tunggal: 261 documents
2025-01-15 10:26:01,464 - INFO - Processed vw_pelanggaran_terakhir: 70 documents
2025-01-15 10:26:01,565 - INFO - Processed vw_pendidikan_terakhir: 72 documents
2025-01-15 10:26:01,661 - INFO - Processed vw_pendidikan_tunggal: 105 documents
2025-01-15 10:26:01,745 - INFO - Processed vw_pers_agama_pns: 114 documents
2025-01-15 10:26:01,849 - INFO - Processed vw_pers_agama_tni: 225 documents
2025-01-15 10:26:01,962 - INFO - Processed vw_pers_bentuk_5_pns: 78 documents
2025-01-15 10:26:02,185 - INFO - Processed vw_pers_bentuk_5_tni: 225 documents
2025-01-15 10:26:02,343 - INFO - Processed vw_pers_eselon_pns: 88 documents
2025-01-15 10:26:02,497 - INFO - Processed vw_pers_kekuatan_perjabatan_eselon: 341 documents
2025-01-15 10:26:02,601 - INFO - Processed vw_pers_pendidikan_formal_pns: 77 documents
2025-01-15 10:26:02,832 - INFO - Processed vw_pers_pendidikan_formal_tni: 229 documents
2025-01-15 10:26:02,946 - INFO - Processed vw_pers_pensiun_pns: 386 documents
2025-01-15 10:26:03,168 - INFO - Processed vw_pers_pensiun_tni: 244 documents
2025-01-15 10:26:03,314 - INFO - Processed vw_pers_tanda_jasa_pns: 117 documents
2025-01-15 10:26:03,440 - INFO - Processed vw_pers_tanda_jasa_tni: 236 documents
2025-01-15 10:26:03,564 - INFO - Processed vw_tanda_jasa_terakhir: 46 documents
2025-01-15 10:26:03,694 - INFO - Processed vw_tugas_operasi_terakhir: 14 documents
2025-01-15 10:26:04,105 - INFO - Processed vw_personel_analytic: 368 documents
2025-01-15 10:26:04,207 - INFO - Processed vw_tni_persatker: 106 documents
2025-01-15 10:26:04,652 - INFO - Processed vw_umur_personel: 386 documents
2025-01-15 10:26:04,745 - INFO - Processed vw_umur_tni: 243 documents
2025-01-15 10:26:06,792 - ERROR - Error in create_vector_store: Error raised by inference API HTTP code: 404, {"error":"model \"llama2\" not found, try pulling it first"}
2025-01-15 10:26:06,792 - ERROR - Error in process_all_data: Error raised by inference API HTTP code: 404, {"error":"model \"llama2\" not found, try pulling it first"}
2025-01-15 10:27:08,085 - INFO - Found 186 tables and 41 views
2025-01-15 10:27:08,092 - INFO - Generated 227 configurations
2025-01-15 10:27:08,211 - INFO - Processed riwayat_kode_etik: 27 documents
2025-01-15 10:27:08,437 - INFO - Processed riwayat_ubah_drh: 1509 documents
2025-01-15 10:27:08,561 - INFO - Processed riwayat_anak: 69 documents
2025-01-15 10:27:08,666 - INFO - Processed apd_usulan_lampiran: 210 documents
2025-01-15 10:27:08,791 - INFO - Processed usermng_hakakses_modul: 1073 documents
2025-01-15 10:27:09,192 - INFO - Processed vw_personel_analytic: 368 documents
2025-01-15 10:27:09,283 - INFO - Processed riwayat_organisasi: 0 documents
2025-01-15 10:27:09,375 - INFO - Processed riwayat_prestasi: 2 documents
2025-01-15 10:27:09,463 - INFO - Processed master_syarat_mutasi_antarinstansi: 24 documents
2025-01-15 10:27:09,569 - INFO - Processed vw_keluarga: 69 documents
2025-01-15 10:27:09,676 - INFO - Processed pemisahan_usulan: 207 documents
2025-01-15 10:27:09,878 - INFO - Processed riwayat_pelanggaran: 202 documents
2025-01-15 10:27:09,971 - INFO - Processed vw_asn_umur: 130 documents
2025-01-15 10:27:10,067 - INFO - Processed riwayat_pemberhentian: 101 documents
2025-01-15 10:27:10,179 - INFO - Processed perencanaankebutuhan: 114 documents
2025-01-15 10:27:10,273 - INFO - Processed usermng_menu: 0 documents
2025-01-15 10:27:10,362 - INFO - Processed hukuman_disiplin_dokumen: 125 documents
2025-01-15 10:27:10,791 - INFO - Processed notifikasi: 3832 documents
2025-01-15 10:27:10,921 - INFO - Processed kgb_usulan: 514 documents
2025-01-15 10:27:11,023 - INFO - Processed vw_pelanggaran_terakhir: 70 documents
2025-01-15 10:27:11,112 - INFO - Processed master_hukuman_old: 3 documents
2025-01-15 10:27:11,200 - INFO - Processed jabatan_satker: 164 documents
2025-01-15 10:27:11,388 - INFO - Processed vw_jabatan_terakhir: 239 documents
2025-01-15 10:27:11,575 - INFO - Processed agama: 7 documents
2025-01-15 10:27:11,675 - INFO - Processed riwayat_bahasa: 61 documents
2025-01-15 10:27:11,924 - INFO - Processed pers_ropeg: 361 documents
2025-01-15 10:27:12,139 - INFO - Processed personel: 386 documents
2025-01-15 10:27:12,230 - INFO - Processed vw_kursus_terakhir: 32 documents
2025-01-15 10:27:12,312 - INFO - Processed policy_flow_configuration: 48 documents
2025-01-15 10:27:12,403 - INFO - Processed vw_kinerja_terakhir: 24 documents
2025-01-15 10:27:12,482 - INFO - Processed kgb_update_terjadwal: 2 documents
2025-01-15 10:27:12,587 - INFO - Processed riwayat_gaji: 227 documents
2025-01-15 10:27:12,869 - INFO - Processed personel_backup: 314 documents
2025-01-15 10:27:12,969 - INFO - Processed vw_kekuatan_pns: 114 documents
2025-01-15 10:27:13,052 - INFO - Processed config_workflow_status: 26 documents
2025-01-15 10:27:13,137 - INFO - Processed hukuman_disiplin_catatan: 61 documents
2025-01-15 10:27:13,353 - INFO - Processed satker: 1159 documents
2025-01-15 10:27:13,452 - INFO - Processed pemisahan_usulan_lampiran: 71 documents
2025-01-15 10:27:13,584 - INFO - Processed riwayat_pengajuan_cuti_saldo: 1794 documents
2025-01-15 10:27:13,771 - INFO - Processed riwayat_peninjauan_masa_kerja: 23 documents
2025-01-15 10:27:13,970 - INFO - Processed userlogin: 176 documents
2025-01-15 10:27:14,056 - INFO - Processed vw_tugas_operasi_terakhir: 14 documents
2025-01-15 10:27:14,245 - INFO - Processed master_pejabat: 27 documents
2025-01-15 10:27:14,347 - INFO - Processed config_workflow_properti_transaksi: 83 documents
2025-01-15 10:27:14,436 - INFO - Processed config_workflow_state: 24 documents
2025-01-15 10:27:14,538 - INFO - Processed jabatan: 118 documents
2025-01-15 10:27:14,620 - INFO - Processed riwayat_mertua: 43 documents
2025-01-15 10:27:14,820 - INFO - Processed user_usergroup: 362 documents
2025-01-15 10:27:14,908 - INFO - Processed master_klasifikasi_jabatan: 27 documents
2025-01-15 10:27:14,989 - INFO - Processed riwayat_kompetensi: 10 documents
2025-01-15 10:27:15,113 - INFO - Processed riwayat_jabatan: 452 documents
2025-01-15 10:27:15,203 - INFO - Processed verifikasi_perekaman_wajah: 1 documents
2025-01-15 10:27:15,289 - INFO - Processed pemisahan_tni_usulan: 0 documents
2025-01-15 10:27:15,380 - INFO - Processed riwayat_nikah: 72 documents
2025-01-15 10:27:15,471 - INFO - Processed cuti_kunci_saldo: 10 documents
2025-01-15 10:27:15,693 - INFO - Processed queue_integrasi: 4124 documents
2025-01-15 10:27:15,784 - INFO - Processed master_suku_bangsa: 150 documents
2025-01-15 10:27:15,876 - INFO - Processed vw_tanda_jasa_terakhir: 46 documents
2025-01-15 10:27:15,950 - INFO - Processed riwayat_penilaian_kompetensi: 11 documents
2025-01-15 10:27:16,037 - INFO - Processed hukuman_disiplin_lampiran: 71 documents
2025-01-15 10:27:16,121 - INFO - Processed riwayat_orang_tua: 45 documents
2025-01-15 10:27:16,334 - INFO - Processed vw_jml_anak: 386 documents
2025-01-15 10:27:16,420 - INFO - Processed vw_dinas_terakhir: 43 documents
2025-01-15 10:27:16,529 - INFO - Processed apd_usulan: 176 documents
2025-01-15 10:27:16,631 - INFO - Processed kalender_diklat: 57 documents
2025-01-15 10:27:16,721 - INFO - Processed master_hari_libur: 19 documents
2025-01-15 10:27:16,832 - INFO - Processed perencanaankebutuhan_proyeksi: 780 documents
2025-01-15 10:27:16,926 - INFO - Processed config_workflow_state_transition: 23 documents
2025-01-15 10:27:19,541 - INFO - Processed histori_integrasi: 809 documents
2025-01-15 10:27:19,647 - INFO - Processed vw_pendidikan_terakhir: 72 documents
2025-01-15 10:27:19,765 - INFO - Processed master_diklat: 157 documents
2025-01-15 10:27:19,879 - INFO - Processed riwayat_dinas: 105 documents
2025-01-15 10:27:20,092 - INFO - Processed vw_pers_bentuk_5_tni: 225 documents
2025-01-15 10:27:20,204 - INFO - Processed vw_gaji_terakhir: 107 documents
2025-01-15 10:27:20,299 - INFO - Processed riwayat_pengajuan_bantuan_lampiran: 143 documents
2025-01-15 10:27:20,419 - INFO - Processed apd_usulan_pejabat_bertugas: 525 documents
2025-01-15 10:27:20,553 - INFO - Processed vw_pers_kekuatan_perjabatan_eselon: 341 documents
2025-01-15 10:27:20,689 - INFO - Processed riwayat_ubah_drh_verifikasi: 571 documents
2025-01-15 10:27:20,777 - INFO - Processed master_syarat_cuti: 23 documents
2025-01-15 10:27:20,889 - INFO - Processed vw_pers_pensiun_pns: 386 documents
2025-01-15 10:27:20,994 - INFO - Processed riwayat_pangkat: 381 documents
2025-01-15 10:27:21,079 - INFO - Processed wf_mutasi_kandidat: 0 documents
2025-01-15 10:27:21,167 - INFO - Processed mutasi_antarinstansi: 62 documents
2025-01-15 10:27:21,278 - INFO - Processed hukuman_disiplin: 153 documents
2025-01-15 10:27:21,385 - INFO - Processed catatan_transaksi: 87 documents
2025-01-15 10:27:21,483 - INFO - Processed log_activity: 0 documents
2025-01-15 10:27:21,576 - INFO - Processed mutasi_antarinstansi_persyaratan: 413 documents
2025-01-15 10:27:21,666 - ERROR - Error processing lembar_kerja_kategori: syntax error at or near "table"
LINE 3: ...CT tipe_data, lembar_kerja_kategori_id, function, table, col...
                                                             ^

2025-01-15 10:27:21,785 - INFO - Processed riwayat_pengajuan_cuti: 508 documents
2025-01-15 10:27:21,870 - INFO - Processed kalender_diklat_lampiran: 69 documents
2025-01-15 10:27:21,952 - INFO - Processed riwayat_kinerja: 45 documents
2025-01-15 10:27:22,047 - INFO - Processed vw_pers_tanda_jasa_tni: 236 documents
2025-01-15 10:27:22,148 - INFO - Processed vw_pers_pendidikan_formal_pns: 77 documents
2025-01-15 10:27:22,235 - INFO - Processed pemisahan_master_jenis_pemberhentian: 7 documents
2025-01-15 10:27:22,687 - INFO - Processed master_gaji: 10626 documents
2025-01-15 10:27:22,890 - INFO - Processed lembar_kerja_filter: 4 documents
2025-01-15 10:27:22,972 - INFO - Processed usergroup: 129 documents
2025-01-15 10:27:23,094 - INFO - Processed vw_pers_eselon_pns: 88 documents
2025-01-15 10:27:23,184 - INFO - Processed vw_bahasa_terakhir: 24 documents
2025-01-15 10:27:23,271 - INFO - Processed penetapangelar: 98 documents
2025-01-15 10:27:23,361 - INFO - Processed master_jenis_cuti: 6 documents
2025-01-15 10:27:23,569 - INFO - Processed vw_jabatan_terakhir_laporan: 221 documents
2025-01-15 10:27:23,674 - INFO - Processed vw_pendidikan_tunggal: 105 documents
2025-01-15 10:27:23,772 - INFO - Processed master_jeniskp: 5 documents
2025-01-15 10:27:23,854 - INFO - Processed riwayat_tugas_operasi: 47 documents
2025-01-15 10:27:23,943 - INFO - Processed agenda_lampiran: 154 documents
2025-01-15 10:27:24,050 - INFO - Processed pendidikan: 319 documents
2025-01-15 10:27:24,144 - INFO - Processed riwayat_pendidikan_militer: 62 documents
2025-01-15 10:27:24,240 - INFO - Processed vw_pers_tanda_jasa_pns: 117 documents
2025-01-15 10:27:24,335 - INFO - Processed sumberprajurit: 6 documents
2025-01-15 10:27:24,423 - INFO - Processed master_jenis_bantuan: 6 documents
2025-01-15 10:27:24,510 - INFO - Processed master_kenaikan_gaji: 7 documents
2025-01-15 10:27:24,701 - INFO - Processed penetapangelar_lampiran: 88 documents
2025-01-15 10:27:24,791 - INFO - Processed cuti_lampiran: 19 documents
2025-01-15 10:27:24,887 - INFO - Processed agenda: 159 documents
2025-01-15 10:27:24,976 - INFO - Processed riwayat_hukuman_disiplin: 21 documents
2025-01-15 10:27:25,088 - INFO - Processed riwayat_pendidikan: 148 documents
2025-01-15 10:27:25,400 - INFO - Processed riwayat_tanda_jasa: 78 documents
2025-01-15 10:27:25,502 - INFO - Processed vw_diklat_terakhir: 25 documents
2025-01-15 10:27:25,607 - INFO - Processed riwayat_kursus: 69 documents
2025-01-15 10:27:25,709 - INFO - Processed hukuman_disiplin_log: 460 documents
2025-01-15 10:27:25,817 - INFO - Processed vw_dikmil_terkahir: 23 documents
2025-01-15 10:27:25,929 - INFO - Processed pangkat: 22 documents
2025-01-15 10:27:26,023 - INFO - Processed pangkat_pppk: 6 documents
2025-01-15 10:27:26,121 - INFO - Processed master_status_kawin: 4 documents
2025-01-15 10:27:26,216 - INFO - Processed vw_pers_agama_tni: 225 documents
2025-01-15 10:27:26,311 - INFO - Processed kalender_diklat_persyaratan: 178 documents
2025-01-15 10:27:26,394 - INFO - Processed master_hukuman: 22 documents
2025-01-15 10:27:26,482 - INFO - Processed riwayat_diklat: 53 documents
2025-01-15 10:27:26,588 - INFO - Processed vw_tni_persatker: 106 documents
2025-01-15 10:27:26,685 - INFO - Processed vw_pers_agama_pns: 114 documents
2025-01-15 10:27:26,780 - INFO - Processed captcha: 0 documents
2025-01-15 10:27:26,855 - INFO - Processed kgb_lampiran_usulan: 0 documents
2025-01-15 10:27:26,947 - INFO - Processed rkp_personel: 23 documents
2025-01-15 10:27:27,023 - INFO - Processed config_workflow_cuti: 6 documents
2025-01-15 10:27:27,565 - INFO - Processed config_workflow_populate_task: 10717 documents
2025-01-15 10:27:27,670 - INFO - Processed vw_kekuatan_tni: 194 documents
2025-01-15 10:27:27,772 - INFO - Processed hukuman_disiplin_pemeriksaan: 29 documents
2025-01-15 10:27:27,967 - INFO - Processed config_workflow_task: 27 documents
2025-01-15 10:27:28,060 - INFO - Processed riwayat_pengajuan_bantuan: 73 documents
2025-01-15 10:27:28,182 - INFO - Processed vw_pers_pendidikan_formal_tni: 229 documents
2025-01-15 10:27:28,278 - INFO - Processed config_workflow: 8 documents
2025-01-15 10:27:28,351 - INFO - Processed matra: 3 documents
2025-01-15 10:27:28,447 - INFO - Processed usermng_modul: 27 documents
2025-01-15 10:27:28,533 - INFO - Processed hukuman_disiplin_alat_bukti: 38 documents
2025-01-15 10:27:28,634 - INFO - Processed master_bahasa: 189 documents
2025-01-15 10:27:28,734 - INFO - Processed vw_pangkat_tunggal: 261 documents
2025-01-15 10:27:28,940 - INFO - Processed vw_pers_bentuk_5_pns: 78 documents
2025-01-15 10:27:29,042 - INFO - Processed mutasi_antarinstansi_persyaratan_lampiran: 330 documents
2025-01-15 10:27:29,137 - INFO - Processed config_workflow_task_permission: 11 documents
2025-01-15 10:27:29,228 - INFO - Processed pengumuman: 16 documents
2025-01-15 10:27:29,342 - INFO - Processed vw_kekuatan_peruo_pns: 92 documents
2025-01-15 10:27:29,436 - INFO - Processed riwayat_referensi: 13 documents
2025-01-15 10:27:29,641 - INFO - Processed vw_mutasi_keluar: 17 documents
2025-01-15 10:27:29,726 - INFO - Processed master_jenis_kursus: 12 documents
2025-01-15 10:27:29,809 - INFO - Processed master_negara: 258 documents
2025-01-15 10:27:29,897 - INFO - Processed master_status_mutasi_antarinstansi: 6 documents
2025-01-15 10:27:29,993 - INFO - Processed master_status_ubah_drh: 10 documents
2025-01-15 10:27:30,097 - INFO - Processed vw_asn_persatker: 92 documents
2025-01-15 10:27:30,183 - INFO - Processed master_tanda_jasa: 8 documents
2025-01-15 10:27:30,277 - INFO - Processed vw_umur_tni: 243 documents
2025-01-15 10:27:30,391 - INFO - Processed vw_pers_pensiun_tni: 244 documents
2025-01-15 10:27:30,509 - INFO - Processed master_eselon: 9 documents
2025-01-15 10:27:30,650 - INFO - Processed master_status_hukuman_disiplin: 6 documents
2025-01-15 10:27:30,759 - INFO - Processed perencanaankebutuhan_pensiun: 780 documents
2025-01-15 10:27:30,859 - INFO - Processed vw_kekuatan_perpangkat_golongan: 106 documents
2025-01-15 10:27:30,932 - INFO - Processed config_login: 1 documents
2025-01-15 10:27:31,021 - INFO - Processed usermng_fitur: 270 documents
2025-01-15 10:27:31,103 - INFO - Processed usermng_hakakses: 0 documents
2025-01-15 10:27:31,186 - INFO - Processed master_status: 4 documents
2025-01-15 10:27:31,284 - INFO - Processed master_tipe_pegawai: 5 documents
2025-01-15 10:27:31,426 - INFO - Processed kabupaten: 581 documents
2025-01-15 10:27:31,517 - INFO - Processed perencanaankebutuhan_status_satker: 9 documents
2025-01-15 10:27:31,613 - INFO - Processed kecabangan: 78 documents
2025-01-15 10:27:31,699 - INFO - Processed master_tipe_jabatan_struktural: 7 documents
2025-01-15 10:27:31,781 - INFO - Processed provinsi: 34 documents
2025-01-15 10:27:31,962 - INFO - Processed master_status_pegawai: 12 documents
2025-01-15 10:27:32,042 - INFO - Processed master_status_pengajuan_cuti: 16 documents
2025-01-15 10:27:32,138 - INFO - Processed augmentasi_foto: 0 documents
2025-01-15 10:27:32,306 - INFO - Processed kecamatan: 3954 documents
2025-01-15 10:27:32,396 - INFO - Processed master_jenis_satker: 118 documents
2025-01-15 10:27:32,478 - INFO - Processed master_status_pencantuman_gelar: 6 documents
2025-01-15 10:27:32,669 - INFO - Processed dokumen: 4 documents
2025-01-15 10:27:34,595 - INFO - Processed desa: 66294 documents
2025-01-15 10:27:34,681 - INFO - Processed kategoripersonel: 43 documents
2025-01-15 10:27:34,772 - INFO - Processed vw_umur_personel: 386 documents
2025-01-15 10:27:34,980 - INFO - Processed pers_ropeg: 361 documents
2025-01-15 10:27:35,172 - INFO - Processed vw_asn_persatker: 92 documents
2025-01-15 10:27:35,271 - INFO - Processed vw_asn_umur: 130 documents
2025-01-15 10:27:35,368 - INFO - Processed vw_bahasa_terakhir: 24 documents
2025-01-15 10:27:35,458 - INFO - Processed vw_diklat_terakhir: 25 documents
2025-01-15 10:27:35,542 - INFO - Processed vw_dikmil_terkahir: 23 documents
2025-01-15 10:27:35,630 - INFO - Processed vw_dinas_terakhir: 43 documents
2025-01-15 10:27:35,731 - INFO - Processed vw_gaji_terakhir: 107 documents
2025-01-15 10:27:35,841 - INFO - Processed vw_jabatan_terakhir: 239 documents
2025-01-15 10:27:35,964 - INFO - Processed vw_jabatan_terakhir_laporan: 221 documents
2025-01-15 10:27:36,071 - INFO - Processed vw_jml_anak: 386 documents
2025-01-15 10:27:36,178 - INFO - Processed vw_kekuatan_perpangkat_golongan: 106 documents
2025-01-15 10:27:36,274 - INFO - Processed vw_kekuatan_peruo_pns: 92 documents
2025-01-15 10:27:36,365 - INFO - Processed vw_kekuatan_pns: 114 documents
2025-01-15 10:27:36,460 - INFO - Processed vw_kekuatan_tni: 194 documents
2025-01-15 10:27:36,565 - INFO - Processed vw_keluarga: 69 documents
2025-01-15 10:27:36,690 - INFO - Processed vw_kinerja_terakhir: 24 documents
2025-01-15 10:27:36,790 - INFO - Processed vw_kursus_terakhir: 32 documents
2025-01-15 10:27:37,000 - INFO - Processed vw_mutasi_keluar: 17 documents
2025-01-15 10:27:37,202 - INFO - Processed vw_pangkat_tunggal: 261 documents
2025-01-15 10:27:37,401 - INFO - Processed vw_pelanggaran_terakhir: 70 documents
2025-01-15 10:27:37,502 - INFO - Processed vw_pendidikan_terakhir: 72 documents
2025-01-15 10:27:37,617 - INFO - Processed vw_pendidikan_tunggal: 105 documents
2025-01-15 10:27:37,714 - INFO - Processed vw_pers_agama_pns: 114 documents
2025-01-15 10:27:37,806 - INFO - Processed vw_pers_agama_tni: 225 documents
2025-01-15 10:27:37,909 - INFO - Processed vw_pers_bentuk_5_pns: 78 documents
2025-01-15 10:27:38,110 - INFO - Processed vw_pers_bentuk_5_tni: 225 documents
2025-01-15 10:27:38,219 - INFO - Processed vw_pers_eselon_pns: 88 documents
2025-01-15 10:27:38,347 - INFO - Processed vw_pers_kekuatan_perjabatan_eselon: 341 documents
2025-01-15 10:27:38,449 - INFO - Processed vw_pers_pendidikan_formal_pns: 77 documents
2025-01-15 10:27:38,569 - INFO - Processed vw_pers_pendidikan_formal_tni: 229 documents
2025-01-15 10:27:38,681 - INFO - Processed vw_pers_pensiun_pns: 386 documents
2025-01-15 10:27:38,795 - INFO - Processed vw_pers_pensiun_tni: 244 documents
2025-01-15 10:27:38,901 - INFO - Processed vw_pers_tanda_jasa_pns: 117 documents
2025-01-15 10:27:39,001 - INFO - Processed vw_pers_tanda_jasa_tni: 236 documents
2025-01-15 10:27:39,091 - INFO - Processed vw_tanda_jasa_terakhir: 46 documents
2025-01-15 10:27:39,278 - INFO - Processed vw_tugas_operasi_terakhir: 14 documents
2025-01-15 10:27:39,673 - INFO - Processed vw_personel_analytic: 368 documents
2025-01-15 10:27:39,765 - INFO - Processed vw_tni_persatker: 106 documents
2025-01-15 10:27:40,209 - INFO - Processed vw_umur_personel: 386 documents
2025-01-15 10:27:40,306 - INFO - Processed vw_umur_tni: 243 documents
2025-01-15 10:43:46,216 - INFO - Found 22 tables and 7 views
2025-01-15 10:43:46,218 - INFO - Generated 22 configurations
2025-01-15 10:43:46,431 - INFO - Processed nicer_but_slower_film_list: 997 documents
2025-01-15 10:43:46,538 - INFO - Processed customer: 599 documents
2025-01-15 10:43:46,706 - INFO - Processed sales_by_film_category: 16 documents
2025-01-15 10:43:46,799 - ERROR - Error processing customer_list: column "zip" does not exist
LINE 3:                         SELECT notes, city, zip code, countr...
                                                    ^

2025-01-15 10:43:47,053 - INFO - Processed film: 1000 documents
2025-01-15 10:43:47,223 - INFO - Processed sales_by_store: 2 documents
2025-01-15 10:43:47,403 - INFO - Processed film_list: 997 documents
2025-01-15 10:43:47,492 - INFO - Processed staff: 2 documents
2025-01-15 10:43:47,596 - INFO - Processed address: 603 documents
2025-01-15 10:43:47,676 - ERROR - Error processing staff_list: column "zip" does not exist
LINE 3: ...            SELECT phone, name, address, country, zip code, ...
                                                             ^

2025-01-15 10:43:47,880 - INFO - Processed category: 16 documents
2025-01-15 10:43:49,118 - INFO - Processed actor_info: 200 documents
2025-01-15 10:43:49,320 - INFO - Processed city: 600 documents
2025-01-15 10:43:49,401 - INFO - Processed country: 109 documents
2025-01-15 10:43:49,494 - INFO - Processed actor: 200 documents
2025-01-15 10:43:50,779 - INFO - Processed actor_info: 200 documents
2025-01-15 10:43:50,901 - INFO - Processed customer_list: 599 documents
2025-01-15 10:43:51,072 - INFO - Processed film_list: 997 documents
2025-01-15 10:43:51,379 - INFO - Processed nicer_but_slower_film_list: 997 documents
2025-01-15 10:43:51,531 - INFO - Processed sales_by_film_category: 16 documents
2025-01-15 10:43:51,727 - INFO - Processed sales_by_store: 2 documents
2025-01-15 10:43:51,830 - INFO - Processed staff_list: 2 documents
2025-01-15 10:45:46,841 - ERROR - Error in create_vector_store: No module named 'pgvector'
2025-01-15 10:45:46,841 - ERROR - Error in process_all_data: No module named 'pgvector'
2025-01-15 10:48:45,597 - INFO - Found 22 tables and 7 views
2025-01-15 10:48:45,599 - INFO - Generated 22 configurations
2025-01-15 10:48:45,789 - INFO - Processed nicer_but_slower_film_list: 997 documents
2025-01-15 10:48:45,871 - INFO - Processed customer: 599 documents
2025-01-15 10:48:46,019 - INFO - Processed sales_by_film_category: 16 documents
2025-01-15 10:48:46,088 - ERROR - Error processing customer_list: column "zip" does not exist
LINE 3:                         SELECT notes, city, zip code, countr...
                                                    ^

2025-01-15 10:48:46,184 - INFO - Processed film: 1000 documents
2025-01-15 10:48:46,312 - INFO - Processed sales_by_store: 2 documents
2025-01-15 10:48:46,439 - INFO - Processed film_list: 997 documents
2025-01-15 10:48:46,510 - INFO - Processed staff: 2 documents
2025-01-15 10:48:46,587 - INFO - Processed address: 603 documents
2025-01-15 10:48:46,641 - ERROR - Error processing staff_list: column "zip" does not exist
LINE 3: ...            SELECT phone, name, address, country, zip code, ...
                                                             ^

2025-01-15 10:48:46,710 - INFO - Processed category: 16 documents
2025-01-15 10:48:47,771 - INFO - Processed actor_info: 200 documents
2025-01-15 10:48:47,838 - INFO - Processed city: 600 documents
2025-01-15 10:48:47,917 - INFO - Processed country: 109 documents
2025-01-15 10:48:47,978 - INFO - Processed actor: 200 documents
2025-01-15 10:48:49,023 - INFO - Processed actor_info: 200 documents
2025-01-15 10:48:49,106 - INFO - Processed customer_list: 599 documents
2025-01-15 10:48:49,339 - INFO - Processed film_list: 997 documents
2025-01-15 10:48:49,539 - INFO - Processed nicer_but_slower_film_list: 997 documents
2025-01-15 10:48:49,639 - INFO - Processed sales_by_film_category: 16 documents
2025-01-15 10:48:49,775 - INFO - Processed sales_by_store: 2 documents
2025-01-15 10:48:49,846 - INFO - Processed staff_list: 2 documents
2025-01-15 10:50:25,830 - ERROR - Error in create_vector_store: (builtins.TypeError) Object of type Decimal is not JSON serializable
[SQL: INSERT INTO langchain_pg_embedding (collection_id, embedding, document, cmetadata, custom_id, uuid) VALUES (%(collection_id)s::UUID, %(embedding)s, %(document)s, %(cmetadata)s, %(custom_id)s, %(uuid)s::UUID)]
[parameters: [{'document': 'Documentary A Epic Drama of a Feminist And a Mad Scientist who must Battle a Teacher in The Canadian Rockies PenelopeGuiness, ChristianG ... (35526 characters truncated) ... r_film_list', 'source_type': 'table', 'processed_at': '2025-01-15T10:48:45.766724', 'fid': 1, 'rating': 'PG', 'length': 86, 'price': Decimal('0.99')}}]]
2025-01-15 10:50:25,833 - ERROR - Error in process_all_data: (builtins.TypeError) Object of type Decimal is not JSON serializable
[SQL: INSERT INTO langchain_pg_embedding (collection_id, embedding, document, cmetadata, custom_id, uuid) VALUES (%(collection_id)s::UUID, %(embedding)s, %(document)s, %(cmetadata)s, %(custom_id)s, %(uuid)s::UUID)]
[parameters: [{'document': 'Documentary A Epic Drama of a Feminist And a Mad Scientist who must Battle a Teacher in The Canadian Rockies PenelopeGuiness, ChristianG ... (35526 characters truncated) ... r_film_list', 'source_type': 'table', 'processed_at': '2025-01-15T10:48:45.766724', 'fid': 1, 'rating': 'PG', 'length': 86, 'price': Decimal('0.99')}}]]
2025-01-15 11:08:59,045 - INFO - Found 22 tables and 7 views
2025-01-15 11:08:59,046 - INFO - Generated 22 configurations
2025-01-15 11:08:59,295 - INFO - Processed nicer_but_slower_film_list: 997 documents
2025-01-15 11:08:59,402 - INFO - Processed customer: 599 documents
2025-01-15 11:08:59,555 - INFO - Processed sales_by_film_category: 16 documents
2025-01-15 11:08:59,633 - ERROR - Error processing customer_list: column "zip" does not exist
LINE 3:                         SELECT notes, city, zip code, countr...
                                                    ^

2025-01-15 11:08:59,763 - INFO - Processed film: 1000 documents
2025-01-15 11:08:59,941 - INFO - Processed sales_by_store: 2 documents
2025-01-15 11:09:00,112 - INFO - Processed film_list: 997 documents
2025-01-15 11:09:00,211 - INFO - Processed staff: 2 documents
2025-01-15 11:09:00,327 - INFO - Processed address: 603 documents
2025-01-15 11:09:00,416 - ERROR - Error processing staff_list: column "zip" does not exist
LINE 3: ...            SELECT phone, name, address, country, zip code, ...
                                                             ^

2025-01-15 11:09:00,505 - INFO - Processed category: 16 documents
2025-01-15 11:09:02,688 - INFO - Processed actor_info: 200 documents
2025-01-15 11:09:02,806 - INFO - Processed city: 600 documents
2025-01-15 11:09:02,915 - INFO - Processed country: 109 documents
2025-01-15 11:09:03,024 - INFO - Processed actor: 200 documents
2025-01-15 11:09:05,229 - INFO - Processed actor_info: 200 documents
2025-01-15 11:09:05,490 - INFO - Processed customer_list: 599 documents
2025-01-15 11:09:05,776 - INFO - Processed film_list: 997 documents
2025-01-15 11:09:06,272 - INFO - Processed nicer_but_slower_film_list: 997 documents
2025-01-15 11:09:06,572 - INFO - Processed sales_by_film_category: 16 documents
2025-01-15 11:09:06,805 - INFO - Processed sales_by_store: 2 documents
2025-01-15 11:09:07,096 - INFO - Processed staff_list: 2 documents
2025-01-15 12:46:39,536 - ERROR - Error in create_vector_store: (builtins.TypeError) Object of type datetime is not JSON serializable
[SQL: INSERT INTO langchain_pg_embedding (collection_id, embedding, document, cmetadata, custom_id, uuid) VALUES (%(collection_id)s::UUID, %(embedding)s, %(document)s, %(cmetadata)s, %(custom_id)s, %(uuid)s::UUID)]
[parameters: [{'collection_id': UUID('8630a875-4825-4716-a847-24e438aeea8f'), 'custom_id': '3e62780d-0402-4b70-a226-a83f7c5b2a8b', 'embedding': [-1.0752947330474854 ... (63556 characters truncated) ... ut_slower_film_list', 'source_type': 'table', 'processed_at': '2025-01-15T11:08:59.278508', 'fid': 904, 'rating': 'R', 'length': 71, 'price': '4.99'}}, {'collection_id': UUID('8630a875-4825-4716-a847-24e438aeea8f'), 'custom_id': '390ac0fc-e181-497b-810d-7d8daab0c882', 'embedding': [0.3698571026325226, ... (63239 characters truncated) ... ower_film_list', 'source_type': 'table', 'processed_at': '2025-01-15T11:08:59.278508', 'fid': 905, 'rating': 'PG-13', 'length': 132, 'price': '4.99'}}, {'collection_id': UUID('8630a875-4825-4716-a847-24e438aeea8f'), 'custom_id': 'b1b6688c-9738-4238-a433-ed1b6de243fc', 'embedding': [0.20536571741104126 ... (63470 characters truncated) ... _slower_film_list', 'source_type': 'table', 'processed_at': '2025-01-15T11:08:59.278508', 'fid': 906, 'rating': 'PG', 'length': 171, 'price': '0.99'}}, {'collection_id': UUID('8630a875-4825-4716-a847-24e438aeea8f'), 'custom_id': '29ee9112-2ed3-4104-8965-7c3c761a9c8b', 'embedding': [0.20800906419754028 ... (63559 characters truncated) ... ower_film_list', 'source_type': 'table', 'processed_at': '2025-01-15T11:08:59.278508', 'fid': 907, 'rating': 'PG-13', 'length': 168, 'price': '0.99'}}, {'collection_id': UUID('8630a875-4825-4716-a847-24e438aeea8f'), 'custom_id': 'bdec011d-ddbf-467d-b6ce-77fd7198bb54', 'embedding': [-0.3878811895847320 ... (63522 characters truncated) ... t_slower_film_list', 'source_type': 'table', 'processed_at': '2025-01-15T11:08:59.278508', 'fid': 908, 'rating': 'G', 'length': 110, 'price': '4.99'}}, {'collection_id': UUID('8630a875-4825-4716-a847-24e438aeea8f'), 'custom_id': 'a51d7f22-6cb3-4e30-bc52-5c6aa6198fe2', 'embedding': [-2.075671434402466, ... (63456 characters truncated) ... ower_film_list', 'source_type': 'table', 'processed_at': '2025-01-15T11:08:59.278508', 'fid': 909, 'rating': 'PG-13', 'length': 102, 'price': '0.99'}}, {'collection_id': UUID('8630a875-4825-4716-a847-24e438aeea8f'), 'custom_id': '99bb8679-dfb0-4f5f-ab4a-9d3bccf1f56b', 'embedding': [-0.7875540852546692 ... (63379 characters truncated) ... t_slower_film_list', 'source_type': 'table', 'processed_at': '2025-01-15T11:08:59.278508', 'fid': 910, 'rating': 'PG', 'length': 87, 'price': '0.99'}}, {'collection_id': UUID('8630a875-4825-4716-a847-24e438aeea8f'), 'custom_id': '7d83c096-4a22-401e-a84f-a6e26ee4c684', 'embedding': [-1.1047223806381226 ... (63513 characters truncated) ... lower_film_list', 'source_type': 'table', 'processed_at': '2025-01-15T11:08:59.278508', 'fid': 911, 'rating': 'PG-13', 'length': 64, 'price': '4.99'}}, {'collection_id': UUID('8630a875-4825-4716-a847-24e438aeea8f'), 'custom_id': '8283a9ad-59c1-465e-bbfe-78b8a0e500c0', 'embedding': [-0.6767544150352478 ... (63562 characters truncated) ... t_slower_film_list', 'source_type': 'table', 'processed_at': '2025-01-15T11:08:59.278508', 'fid': 912, 'rating': 'PG', 'length': 52, 'price': '2.99'}}, {'collection_id': UUID('8630a875-4825-4716-a847-24e438aeea8f'), 'custom_id': 'c5282e6d-cca8-416b-bd52-df1fdfd98d33', 'embedding': [-0.0222931150346994 ... (63447 characters truncated) ... t_slower_film_list', 'source_type': 'table', 'processed_at': '2025-01-15T11:08:59.278508', 'fid': 913, 'rating': 'R', 'length': 115, 'price': '0.99'}}, {'collection_id': UUID('8630a875-4825-4716-a847-24e438aeea8f'), 'custom_id': '43ddae79-c11d-4e86-ab8a-5328e76a283f', 'embedding': [-1.4510509967803955 ... (63339 characters truncated) ... t_slower_film_list', 'source_type': 'table', 'processed_at': '2025-01-15T11:08:59.278508', 'fid': 914, 'rating': 'PG', 'length': 61, 'price': '2.99'}}, {'collection_id': UUID('8630a875-4825-4716-a847-24e438aeea8f'), 'custom_id': '3e958f04-d359-4d9d-9166-e7a46fdded04', 'embedding': [-0.6307326555252075 ... (63516 characters truncated) ... ut_slower_film_list', 'source_type': 'table', 'processed_at': '2025-01-15T11:08:59.278508', 'fid': 915, 'rating': 'G', 'length': 92, 'price': '4.99'}}, {'collection_id': UUID('8630a875-4825-4716-a847-24e438aeea8f'), 'custom_id': '4ea36650-0099-4f0f-b76c-db7733e477a4', 'embedding': [-2.392367362976074, ... (63398 characters truncated) ... ut_slower_film_list', 'source_type': 'table', 'processed_at': '2025-01-15T11:08:59.278508', 'fid': 916, 'rating': 'G', 'length': 80, 'price': '2.99'}}, {'collection_id': UUID('8630a875-4825-4716-a847-24e438aeea8f'), 'custom_id': '64d2f406-d0d3-495f-8e39-e66720c1fe9c', 'embedding': [-1.2312102317810059 ... (63365 characters truncated) ... t_slower_film_list', 'source_type': 'table', 'processed_at': '2025-01-15T11:08:59.278508', 'fid': 917, 'rating': 'R', 'length': 152, 'price': '2.99'}}, {'collection_id': UUID('8630a875-4825-4716-a847-24e438aeea8f'), 'custom_id': 'f582dad1-4857-4552-939d-44d7c5682d41', 'embedding': [-0.2421101927757263 ... (63607 characters truncated) ... _slower_film_list', 'source_type': 'table', 'processed_at': '2025-01-15T11:08:59.278508', 'fid': 918, 'rating': 'PG', 'length': 152, 'price': '4.99'}}, {'collection_id': UUID('8630a875-4825-4716-a847-24e438aeea8f'), 'custom_id': 'b3c8736c-27a9-46fd-999c-0741bc98fcc0', 'embedding': [-1.226731538772583, ... (63672 characters truncated) ... ut_slower_film_list', 'source_type': 'table', 'processed_at': '2025-01-15T11:08:59.278508', 'fid': 919, 'rating': 'G', 'length': 82, 'price': '4.99'}}, {'collection_id': UUID('8630a875-4825-4716-a847-24e438aeea8f'), 'custom_id': 'fa84c38c-7425-426f-ac2b-dcc903a0569a', 'embedding': [-0.6028631329536438 ... (63335 characters truncated) ... ut_slower_film_list', 'source_type': 'table', 'processed_at': '2025-01-15T11:08:59.278508', 'fid': 920, 'rating': 'G', 'length': 62, 'price': '0.99'}}, {'collection_id': UUID('8630a875-4825-4716-a847-24e438aeea8f'), 'custom_id': 'a15a158a-f5bb-4071-aa6b-7f73527a19eb', 'embedding': [-0.9221132397651672 ... (63439 characters truncated) ... ower_film_list', 'source_type': 'table', 'processed_at': '2025-01-15T11:08:59.278508', 'fid': 921, 'rating': 'PG-13', 'length': 172, 'price': '2.99'}}, {'collection_id': UUID('8630a875-4825-4716-a847-24e438aeea8f'), 'custom_id': '2efaf33d-59bd-4f67-bc35-15ee6a313023', 'embedding': [0.2776128947734833, ... (63362 characters truncated) ... ower_film_list', 'source_type': 'table', 'processed_at': '2025-01-15T11:08:59.278508', 'fid': 922, 'rating': 'PG-13', 'length': 107, 'price': '4.99'}}, {'collection_id': UUID('8630a875-4825-4716-a847-24e438aeea8f'), 'custom_id': 'e78d8fd4-ef57-469f-b99c-97831798cc70', 'embedding': [-2.438030958175659, ... (63324 characters truncated) ... ut_slower_film_list', 'source_type': 'table', 'processed_at': '2025-01-15T11:08:59.278508', 'fid': 923, 'rating': 'R', 'length': 78, 'price': '2.99'}}, {'collection_id': UUID('8630a875-4825-4716-a847-24e438aeea8f'), 'custom_id': '3a41c557-e87a-452a-965f-ee0adb13c730', 'embedding': [-0.2995012402534485 ... (63435 characters truncated) ... _slower_film_list', 'source_type': 'table', 'processed_at': '2025-01-15T11:08:59.278508', 'fid': 924, 'rating': 'PG', 'length': 129, 'price': '0.99'}}, {'collection_id': UUID('8630a875-4825-4716-a847-24e438aeea8f'), 'custom_id': '6a7220c3-f555-446f-91cc-eba291c8b20f', 'embedding': [-0.8859360218048096 ... (63446 characters truncated) ... t_slower_film_list', 'source_type': 'table', 'processed_at': '2025-01-15T11:08:59.278508', 'fid': 925, 'rating': 'R', 'length': 164, 'price': '0.99'}}, {'collection_id': UUID('8630a875-4825-4716-a847-24e438aeea8f'), 'custom_id': '52be871b-6ba8-4c8e-9d54-ada29a51d6b3', 'embedding': [-0.8835533857345581 ... (63471 characters truncated) ... ower_film_list', 'source_type': 'table', 'processed_at': '2025-01-15T11:08:59.278508', 'fid': 926, 'rating': 'NC-17', 'length': 120, 'price': '2.99'}}, {'collection_id': UUID('8630a875-4825-4716-a847-24e438aeea8f'), 'custom_id': 'f1af39d8-44a9-46a6-bed0-47cdb1b7e2a5', 'embedding': [-0.4117313623428345 ... (63543 characters truncated) ... ower_film_list', 'source_type': 'table', 'processed_at': '2025-01-15T11:08:59.278508', 'fid': 927, 'rating': 'NC-17', 'length': 174, 'price': '2.99'}}, {'collection_id': UUID('8630a875-4825-4716-a847-24e438aeea8f'), 'custom_id': '22dba6a3-eef8-4486-a9e9-68b5ca9e42d5', 'embedding': [0.02347720414400100 ... (63292 characters truncated) ... t_slower_film_list', 'source_type': 'table', 'processed_at': '2025-01-15T11:08:59.278508', 'fid': 928, 'rating': 'PG', 'length': 84, 'price': '2.99'}}, {'collection_id': UUID('8630a875-4825-4716-a847-24e438aeea8f'), 'custom_id': 'a9c9ff77-b708-4770-9094-555ed37ac361', 'embedding': [-0.5530136823654175 ... (63517 characters truncated) ... ower_film_list', 'source_type': 'table', 'processed_at': '2025-01-15T11:08:59.278508', 'fid': 929, 'rating': 'PG-13', 'length': 128, 'price': '4.99'}}, {'collection_id': UUID('8630a875-4825-4716-a847-24e438aeea8f'), 'custom_id': '0d2fd8ac-f1b7-4452-81ed-fa52f6f53c46', 'embedding': [-0.0155944768339395 ... (63144 characters truncated) ... t_slower_film_list', 'source_type': 'table', 'processed_at': '2025-01-15T11:08:59.278508', 'fid': 930, 'rating': 'R', 'length': 145, 'price': '2.99'}}, {'collection_id': UUID('8630a875-4825-4716-a847-24e438aeea8f'), 'custom_id': '2387441b-c15e-4897-b1b9-8293a4f779a0', 'embedding': [-0.0756894648075103 ... (63516 characters truncated) ... lower_film_list', 'source_type': 'table', 'processed_at': '2025-01-15T11:08:59.278508', 'fid': 931, 'rating': 'PG-13', 'length': 48, 'price': '0.99'}}, {'collection_id': UUID('8630a875-4825-4716-a847-24e438aeea8f'), 'custom_id': 'd55f40cb-05c6-4fb7-9004-db12a466d543', 'embedding': [-0.8028794527053833 ... (63381 characters truncated) ... ut_slower_film_list', 'source_type': 'table', 'processed_at': '2025-01-15T11:08:59.278508', 'fid': 932, 'rating': 'G', 'length': 73, 'price': '0.99'}}, {'collection_id': UUID('8630a875-4825-4716-a847-24e438aeea8f'), 'custom_id': 'ce75b58c-c08d-4ad5-ba91-f0d5a219273d', 'embedding': [-0.3549075424671173 ... (63407 characters truncated) ... ower_film_list', 'source_type': 'table', 'processed_at': '2025-01-15T11:08:59.278508', 'fid': 933, 'rating': 'NC-17', 'length': 126, 'price': '4.99'}}, {'collection_id': UUID('8630a875-4825-4716-a847-24e438aeea8f'), 'custom_id': '8079e22d-b376-4f05-985c-c22d5d656c9f', 'embedding': [0.1481236219406128, ... (63196 characters truncated) ... ower_film_list', 'source_type': 'table', 'processed_at': '2025-01-15T11:08:59.278508', 'fid': 934, 'rating': 'NC-17', 'length': 122, 'price': '4.99'}}, {'collection_id': UUID('8630a875-4825-4716-a847-24e438aeea8f'), 'custom_id': '77cabbec-b6ff-4c1c-8467-8e9c24cf55f4', 'embedding': [-0.8380399942398071 ... (9793 characters truncated) ... t_slower_film_list', 'source_type': 'table', 'processed_at': '2025-01-15T11:08:59.278508', 'fid': 935, 'rating': 'R', 'length': 142, 'price': '0.99'}}, {'collection_id': UUID('8630a875-4825-4716-a847-24e438aeea8f'), 'custom_id': '9c21f870-7a93-48f6-a39e-1f7e804b6c3d', 'embedding': [-0.0215746853500604 ... (32897 characters truncated) ... ower_film_list', 'source_type': 'table', 'processed_at': '2025-01-15T11:08:59.278508', 'fid': 936, 'rating': 'NC-17', 'length': 123, 'price': '2.99'}}, {'collection_id': UUID('8630a875-4825-4716-a847-24e438aeea8f'), 'custom_id': '141f364c-e707-4abe-8ab6-98f413c987f9', 'embedding': [-0.9062901735305786 ... (32855 characters truncated) ... lower_film_list', 'source_type': 'table', 'processed_at': '2025-01-15T11:08:59.278508', 'fid': 937, 'rating': 'NC-17', 'length': 85, 'price': '2.99'}}, {'collection_id': UUID('8630a875-4825-4716-a847-24e438aeea8f'), 'custom_id': 'a68d0e58-3eaf-4b22-a88a-4a3c7fff468c', 'embedding': [0.01106109656393528 ... (22764 characters truncated) ... t_slower_film_list', 'source_type': 'table', 'processed_at': '2025-01-15T11:08:59.278508', 'fid': 938, 'rating': 'R', 'length': 173, 'price': '4.99'}}, {'collection_id': UUID('8630a875-4825-4716-a847-24e438aeea8f'), 'custom_id': 'ad3ad18c-5457-4bce-8a10-5ab64dc68e92', 'embedding': [-0.6696761846542358 ... (12332 characters truncated) ... ut_slower_film_list', 'source_type': 'table', 'processed_at': '2025-01-15T11:08:59.278508', 'fid': 939, 'rating': 'R', 'length': 90, 'price': '2.99'}}, {'collection_id': UUID('8630a875-4825-4716-a847-24e438aeea8f'), 'custom_id': '00cff60c-7a56-4d36-b1e0-2d44bd75ae2a', 'embedding': [-1.0581673383712769 ... (22699 characters truncated) ... lower_film_list', 'source_type': 'table', 'processed_at': '2025-01-15T11:08:59.278508', 'fid': 940, 'rating': 'PG-13', 'length': 64, 'price': '0.99'}}, {'collection_id': UUID('8630a875-4825-4716-a847-24e438aeea8f'), 'custom_id': '09b14c93-d5db-43c4-8105-ff342dae88c0', 'embedding': [-1.7750450372695923 ... (21090 characters truncated) ... ower_film_list', 'source_type': 'table', 'processed_at': '2025-01-15T11:08:59.278508', 'fid': 941, 'rating': 'NC-17', 'length': 145, 'price': '4.99'}}, {'collection_id': UUID('8630a875-4825-4716-a847-24e438aeea8f'), 'custom_id': 'ccee1249-16c8-457e-860f-9b9ece5c17ec', 'embedding': [-0.2138475477695465 ... (30551 characters truncated) ... ower_film_list', 'source_type': 'table', 'processed_at': '2025-01-15T11:08:59.278508', 'fid': 942, 'rating': 'PG-13', 'length': 174, 'price': '0.99'}}, {'collection_id': UUID('8630a875-4825-4716-a847-24e438aeea8f'), 'custom_id': 'e89f71bb-1f70-47bc-8067-41dc6c33734b', 'embedding': [-1.2125470638275146 ... (18018 characters truncated) ... lower_film_list', 'source_type': 'table', 'processed_at': '2025-01-15T11:08:59.278508', 'fid': 943, 'rating': 'PG-13', 'length': 76, 'price': '4.99'}}, {'collection_id': UUID('8630a875-4825-4716-a847-24e438aeea8f'), 'custom_id': 'af00b644-1194-4395-a016-7bd2a75ee0a4', 'embedding': [0, 0, 0, 0, 0, 0, 0 ... (9493 characters truncated) ... ower_film_list', 'source_type': 'table', 'processed_at': '2025-01-15T11:08:59.278508', 'fid': 944, 'rating': 'PG-13', 'length': 179, 'price': '4.99'}}, {'collection_id': UUID('8630a875-4825-4716-a847-24e438aeea8f'), 'custom_id': '9b07bef9-6dcf-48b9-b766-0eb17c892785', 'embedding': [-1.1095571517944336 ... (18867 characters truncated) ... t_slower_film_list', 'source_type': 'table', 'processed_at': '2025-01-15T11:08:59.278508', 'fid': 945, 'rating': 'R', 'length': 164, 'price': '0.99'}}, {'collection_id': UUID('8630a875-4825-4716-a847-24e438aeea8f'), 'custom_id': '07032052-de8d-4de5-961f-06ff71f3318c', 'embedding': [-0.0419936142861843 ... (15576 characters truncated) ... ower_film_list', 'source_type': 'table', 'processed_at': '2025-01-15T11:08:59.278508', 'fid': 946, 'rating': 'NC-17', 'length': 144, 'price': '4.99'}}, {'collection_id': UUID('8630a875-4825-4716-a847-24e438aeea8f'), 'custom_id': 'c8886ec9-2b3b-4fc8-ac12-863ecbf3597e', 'embedding': [-1.4554821252822876 ... (44538 characters truncated) ... lower_film_list', 'source_type': 'table', 'processed_at': '2025-01-15T11:08:59.278508', 'fid': 947, 'rating': 'PG-13', 'length': 59, 'price': '0.99'}}, {'collection_id': UUID('8630a875-4825-4716-a847-24e438aeea8f'), 'custom_id': 'fc12924b-4996-4af0-94b2-edc216d57a6b', 'embedding': [0.5278493762016296, ... (39789 characters truncated) ... ower_film_list', 'source_type': 'table', 'processed_at': '2025-01-15T11:08:59.278508', 'fid': 948, 'rating': 'PG-13', 'length': 139, 'price': '0.99'}}, {'collection_id': UUID('8630a875-4825-4716-a847-24e438aeea8f'), 'custom_id': 'e5cad25f-28de-4337-af2b-4c9cb67ad2a0', 'embedding': [-0.7784419059753418 ... (18819 characters truncated) ... ower_film_list', 'source_type': 'table', 'processed_at': '2025-01-15T11:08:59.278508', 'fid': 949, 'rating': 'NC-17', 'length': 157, 'price': '0.99'}}, {'collection_id': UUID('8630a875-4825-4716-a847-24e438aeea8f'), 'custom_id': '53bc41a6-9bdc-4d51-97ab-b960f973f54e', 'embedding': [-0.3185125887393951 ... (22021 characters truncated) ... _slower_film_list', 'source_type': 'table', 'processed_at': '2025-01-15T11:08:59.278508', 'fid': 950, 'rating': 'PG', 'length': 132, 'price': '4.99'}}, {'collection_id': UUID('8630a875-4825-4716-a847-24e438aeea8f'), 'custom_id': 'e6166685-e965-4f19-aeef-4ca97ccddfb7', 'embedding': [-1.7972688674926758 ... (30463 characters truncated) ... lower_film_list', 'source_type': 'table', 'processed_at': '2025-01-15T11:08:59.278508', 'fid': 951, 'rating': 'PG-13', 'length': 78, 'price': '0.99'}}, {'collection_id': UUID('8630a875-4825-4716-a847-24e438aeea8f'), 'custom_id': 'de4df362-17ef-4d35-a40b-cefaee1722df', 'embedding': [-0.0043459828011691 ... (29401 characters truncated) ... _slower_film_list', 'source_type': 'table', 'processed_at': '2025-01-15T11:08:59.278508', 'fid': 952, 'rating': 'PG', 'length': 152, 'price': '2.99'}}, {'collection_id': UUID('8630a875-4825-4716-a847-24e438aeea8f'), 'custom_id': '95d84bf9-5ff1-403d-b7f9-f36e75af2cb1', 'embedding': [-0.9524860382080078 ... (15730 characters truncated) ... ower_film_list', 'source_type': 'table', 'processed_at': '2025-01-15T11:08:59.278508', 'fid': 953, 'rating': 'PG-13', 'length': 112, 'price': '0.99'}}, {'collection_id': UUID('8630a875-4825-4716-a847-24e438aeea8f'), 'custom_id': 'c6f01f03-5af4-4e27-b3da-f5575eafd956', 'embedding': [-0.1766200661659240 ... (63533 characters truncated) ... ut_slower_film_list', 'source_type': 'table', 'processed_at': '2025-01-15T11:08:59.278508', 'fid': 954, 'rating': 'G', 'length': 73, 'price': '4.99'}}, {'collection_id': UUID('8630a875-4825-4716-a847-24e438aeea8f'), 'custom_id': 'b02e14c9-a2a1-4e1d-89c8-ab8db265dc09', 'embedding': [0.4560265839099884, ... (63495 characters truncated) ... _slower_film_list', 'source_type': 'table', 'processed_at': '2025-01-15T11:08:59.278508', 'fid': 955, 'rating': 'PG', 'length': 135, 'price': '4.99'}}, {'collection_id': UUID('8630a875-4825-4716-a847-24e438aeea8f'), 'custom_id': '6f21493f-3a94-4946-aa52-f970e8e528fe', 'embedding': [-0.8730553984642029 ... (63396 characters truncated) ... ower_film_list', 'source_type': 'table', 'processed_at': '2025-01-15T11:08:59.278508', 'fid': 956, 'rating': 'PG-13', 'length': 107, 'price': '4.99'}}, {'collection_id': UUID('8630a875-4825-4716-a847-24e438aeea8f'), 'custom_id': '9df9e2e9-779a-4dab-961b-a8715a626131', 'embedding': [-0.2529423534870147 ... (63411 characters truncated) ... ut_slower_film_list', 'source_type': 'table', 'processed_at': '2025-01-15T11:08:59.278508', 'fid': 957, 'rating': 'G', 'length': 80, 'price': '4.99'}}, {'collection_id': UUID('8630a875-4825-4716-a847-24e438aeea8f'), 'custom_id': 'a2ba2fe0-543e-4fa9-a0f2-2a48565a5215', 'embedding': [-1.169555902481079, ... (63512 characters truncated) ... t_slower_film_list', 'source_type': 'table', 'processed_at': '2025-01-15T11:08:59.278508', 'fid': 958, 'rating': 'G', 'length': 178, 'price': '2.99'}}, {'collection_id': UUID('8630a875-4825-4716-a847-24e438aeea8f'), 'custom_id': '4f7c6229-3e84-4c71-8938-845a8eb5dbb8', 'embedding': [-0.2450260072946548 ... (63528 characters truncated) ... ut_slower_film_list', 'source_type': 'table', 'processed_at': '2025-01-15T11:08:59.278508', 'fid': 959, 'rating': 'G', 'length': 83, 'price': '2.99'}}, {'collection_id': UUID('8630a875-4825-4716-a847-24e438aeea8f'), 'custom_id': '04b5c869-4a9c-4815-8a32-bbfb60bc6af6', 'embedding': [-1.4388673305511475 ... (63585 characters truncated) ... t_slower_film_list', 'source_type': 'table', 'processed_at': '2025-01-15T11:08:59.292864', 'fid': 960, 'rating': 'G', 'length': 128, 'price': '2.99'}}, {'collection_id': UUID('8630a875-4825-4716-a847-24e438aeea8f'), 'custom_id': '910b9e08-c67c-456f-87c0-b4f59d0c5215', 'embedding': [0.33911165595054626 ... (63566 characters truncated) ... t_slower_film_list', 'source_type': 'table', 'processed_at': '2025-01-15T11:08:59.292864', 'fid': 961, 'rating': 'R', 'length': 161, 'price': '4.99'}}, {'collection_id': UUID('8630a875-4825-4716-a847-24e438aeea8f'), 'custom_id': 'a43e655d-e53c-4e06-b713-47162a65f89f', 'embedding': [-1.703718662261963, ... (63420 characters truncated) ... t_slower_film_list', 'source_type': 'table', 'processed_at': '2025-01-15T11:08:59.292864', 'fid': 962, 'rating': 'PG', 'length': 85, 'price': '2.99'}}, {'collection_id': UUID('8630a875-4825-4716-a847-24e438aeea8f'), 'custom_id': '7b5adfb5-b922-42d1-8482-55b85c3801e9', 'embedding': [0.32479456067085266 ... (63139 characters truncated) ... t_slower_film_list', 'source_type': 'table', 'processed_at': '2025-01-15T11:08:59.292864', 'fid': 963, 'rating': 'PG', 'length': 78, 'price': '0.99'}}, {'collection_id': UUID('8630a875-4825-4716-a847-24e438aeea8f'), 'custom_id': 'd467b2f5-194a-426a-b2b3-09c555e8425f', 'embedding': [-0.724571168422699, ... (63627 characters truncated) ... ut_slower_film_list', 'source_type': 'table', 'processed_at': '2025-01-15T11:08:59.292864', 'fid': 964, 'rating': 'G', 'length': 61, 'price': '4.99'}}, {'collection_id': UUID('8630a875-4825-4716-a847-24e438aeea8f'), 'custom_id': 'a9e6f137-828a-460b-b549-4b569904adc9', 'embedding': [-0.8056778311729431 ... (63581 characters truncated) ... t_slower_film_list', 'source_type': 'table', 'processed_at': '2025-01-15T11:08:59.292864', 'fid': 965, 'rating': 'G', 'length': 112, 'price': '0.99'}}, {'collection_id': UUID('8630a875-4825-4716-a847-24e438aeea8f'), 'custom_id': '22ff9ccd-481b-462d-99cf-9d2c323451fd', 'embedding': [-1.8015360832214355 ... (63483 characters truncated) ... t_slower_film_list', 'source_type': 'table', 'processed_at': '2025-01-15T11:08:59.292864', 'fid': 966, 'rating': 'PG', 'length': 70, 'price': '0.99'}}, {'collection_id': UUID('8630a875-4825-4716-a847-24e438aeea8f'), 'custom_id': 'b881f30d-2323-48e3-b7a3-107add6314fd', 'embedding': [-0.3149685859680176 ... (63484 characters truncated) ... t_slower_film_list', 'source_type': 'table', 'processed_at': '2025-01-15T11:08:59.292864', 'fid': 967, 'rating': 'R', 'length': 134, 'price': '2.99'}}, {'collection_id': UUID('8630a875-4825-4716-a847-24e438aeea8f'), 'custom_id': '8f889854-20c6-4bc1-94e1-8b9b170ebf85', 'embedding': [-0.5036507248878479 ... (63406 characters truncated) ... ut_slower_film_list', 'source_type': 'table', 'processed_at': '2025-01-15T11:08:59.292864', 'fid': 968, 'rating': 'G', 'length': 79, 'price': '4.99'}}, {'collection_id': UUID('8630a875-4825-4716-a847-24e438aeea8f'), 'custom_id': '57dad30d-ebd5-4f39-a153-9e46d3ab4ad6', 'embedding': [0.08988351374864578 ... (63576 characters truncated) ... t_slower_film_list', 'source_type': 'table', 'processed_at': '2025-01-15T11:08:59.292864', 'fid': 969, 'rating': 'G', 'length': 159, 'price': '4.99'}}, {'collection_id': UUID('8630a875-4825-4716-a847-24e438aeea8f'), 'custom_id': 'e2b1ed53-6971-446d-9234-5d77f12f65eb', 'embedding': [0.00817631930112838 ... (63558 characters truncated) ... lower_film_list', 'source_type': 'table', 'processed_at': '2025-01-15T11:08:59.292864', 'fid': 970, 'rating': 'NC-17', 'length': 52, 'price': '0.99'}}, {'collection_id': UUID('8630a875-4825-4716-a847-24e438aeea8f'), 'custom_id': '6931aae0-7229-43b3-b7ba-61e44ff0fb26', 'embedding': [-0.2495430260896682 ... (63557 characters truncated) ... ower_film_list', 'source_type': 'table', 'processed_at': '2025-01-15T11:08:59.292864', 'fid': 971, 'rating': 'PG-13', 'length': 109, 'price': '4.99'}}, {'collection_id': UUID('8630a875-4825-4716-a847-24e438aeea8f'), 'custom_id': '260a0d6d-0709-4eed-9d67-8c81d9d45bd3', 'embedding': [-0.6664092540740967 ... (63459 characters truncated) ... lower_film_list', 'source_type': 'table', 'processed_at': '2025-01-15T11:08:59.292864', 'fid': 972, 'rating': 'PG-13', 'length': 59, 'price': '4.99'}}, {'collection_id': UUID('8630a875-4825-4716-a847-24e438aeea8f'), 'custom_id': 'fdfc9a39-123b-46ea-8f4b-41e8d7e4a441', 'embedding': [-1.025410532951355, ... (63283 characters truncated) ... ower_film_list', 'source_type': 'table', 'processed_at': '2025-01-15T11:08:59.292864', 'fid': 973, 'rating': 'NC-17', 'length': 183, 'price': '4.99'}}, {'collection_id': UUID('8630a875-4825-4716-a847-24e438aeea8f'), 'custom_id': 'c095eb3c-8e0b-4b25-820f-7ba9d992212d', 'embedding': [-0.9315131902694702 ... (63469 characters truncated) ... t_slower_film_list', 'source_type': 'table', 'processed_at': '2025-01-15T11:08:59.293246', 'fid': 974, 'rating': 'R', 'length': 181, 'price': '0.99'}}, {'collection_id': UUID('8630a875-4825-4716-a847-24e438aeea8f'), 'custom_id': '6e560fa9-9928-4713-abaf-254e199dc775', 'embedding': [-1.4029122591018677 ... (63525 characters truncated) ... t_slower_film_list', 'source_type': 'table', 'processed_at': '2025-01-15T11:08:59.293246', 'fid': 975, 'rating': 'R', 'length': 137, 'price': '2.99'}}, {'collection_id': UUID('8630a875-4825-4716-a847-24e438aeea8f'), 'custom_id': 'd8c5100c-e4f9-4f81-90eb-a8116ea1fa4c', 'embedding': [-0.9629642367362976 ... (63649 characters truncated) ... t_slower_film_list', 'source_type': 'table', 'processed_at': '2025-01-15T11:08:59.293246', 'fid': 976, 'rating': 'R', 'length': 111, 'price': '0.99'}}, {'collection_id': UUID('8630a875-4825-4716-a847-24e438aeea8f'), 'custom_id': 'cc347bc0-65ea-44de-95e0-bf49eeb68b80', 'embedding': [-1.3722467422485352 ... (63258 characters truncated) ... ut_slower_film_list', 'source_type': 'table', 'processed_at': '2025-01-15T11:08:59.293246', 'fid': 977, 'rating': 'R', 'length': 85, 'price': '2.99'}}, {'collection_id': UUID('8630a875-4825-4716-a847-24e438aeea8f'), 'custom_id': '9fa969ea-0f07-4ce9-a1ed-ca97434f80c7', 'embedding': [-1.041428565979004, ... (63665 characters truncated) ... ut_slower_film_list', 'source_type': 'table', 'processed_at': '2025-01-15T11:08:59.293246', 'fid': 978, 'rating': 'R', 'length': 98, 'price': '0.99'}}, {'collection_id': UUID('8630a875-4825-4716-a847-24e438aeea8f'), 'custom_id': '6c57ba83-6514-455a-b08b-cfdff089e2fa', 'embedding': [0.5186417102813721, ... (63515 characters truncated) ... ower_film_list', 'source_type': 'table', 'processed_at': '2025-01-15T11:08:59.293246', 'fid': 979, 'rating': 'NC-17', 'length': 100, 'price': '4.99'}}, {'collection_id': UUID('8630a875-4825-4716-a847-24e438aeea8f'), 'custom_id': '573697e0-30eb-4d8c-8e0a-d1e4e109f2fd', 'embedding': [-1.274922490119934, ... (63602 characters truncated) ... t_slower_film_list', 'source_type': 'table', 'processed_at': '2025-01-15T11:08:59.293246', 'fid': 980, 'rating': 'PG', 'length': 75, 'price': '4.99'}}, {'collection_id': UUID('8630a875-4825-4716-a847-24e438aeea8f'), 'custom_id': '46301529-f197-4e9d-b02a-06da101b5c9e', 'embedding': [-1.6014056205749512 ... (63508 characters truncated) ... lower_film_list', 'source_type': 'table', 'processed_at': '2025-01-15T11:08:59.293246', 'fid': 981, 'rating': 'NC-17', 'length': 55, 'price': '0.99'}}, {'collection_id': UUID('8630a875-4825-4716-a847-24e438aeea8f'), 'custom_id': '93fda11d-d190-4c0b-b69b-6b8238bee79f', 'embedding': [-0.9133904576301575 ... (63539 characters truncated) ... t_slower_film_list', 'source_type': 'table', 'processed_at': '2025-01-15T11:08:59.293491', 'fid': 982, 'rating': 'R', 'length': 126, 'price': '0.99'}}, {'collection_id': UUID('8630a875-4825-4716-a847-24e438aeea8f'), 'custom_id': '95358a1d-6929-4d4c-b403-cd2111a1cf05', 'embedding': [-0.0512982606887817 ... (63288 characters truncated) ... _slower_film_list', 'source_type': 'table', 'processed_at': '2025-01-15T11:08:59.293491', 'fid': 983, 'rating': 'PG', 'length': 105, 'price': '2.99'}}, {'collection_id': UUID('8630a875-4825-4716-a847-24e438aeea8f'), 'custom_id': '0d9f476c-f080-4c99-b70c-cb016bfc1a33', 'embedding': [0.5477486252784729, ... (63405 characters truncated) ... ower_film_list', 'source_type': 'table', 'processed_at': '2025-01-15T11:08:59.293491', 'fid': 984, 'rating': 'NC-17', 'length': 126, 'price': '2.99'}}, {'collection_id': UUID('8630a875-4825-4716-a847-24e438aeea8f'), 'custom_id': 'cb841839-7eb9-4025-a356-4c2c892b7e4f', 'embedding': [1.0289744138717651, ... (63567 characters truncated) ... _slower_film_list', 'source_type': 'table', 'processed_at': '2025-01-15T11:08:59.293491', 'fid': 985, 'rating': 'PG', 'length': 111, 'price': '4.99'}}, {'collection_id': UUID('8630a875-4825-4716-a847-24e438aeea8f'), 'custom_id': '83042be0-df9f-4aa9-8729-13d234d19fe8', 'embedding': [-0.6941872835159302 ... (63250 characters truncated) ... lower_film_list', 'source_type': 'table', 'processed_at': '2025-01-15T11:08:59.293491', 'fid': 986, 'rating': 'NC-17', 'length': 85, 'price': '2.99'}}, {'collection_id': UUID('8630a875-4825-4716-a847-24e438aeea8f'), 'custom_id': '13ffe085-15b0-47a0-9a75-3604157cdb97', 'embedding': [-0.6205522418022156 ... (63607 characters truncated) ... _slower_film_list', 'source_type': 'table', 'processed_at': '2025-01-15T11:08:59.293491', 'fid': 987, 'rating': 'PG', 'length': 116, 'price': '2.99'}}, {'collection_id': UUID('8630a875-4825-4716-a847-24e438aeea8f'), 'custom_id': '185c745b-8bdd-4a24-8fa7-6ff42c3461e9', 'embedding': [0.335370272397995,  ... (63548 characters truncated) ... t_slower_film_list', 'source_type': 'table', 'processed_at': '2025-01-15T11:08:59.293491', 'fid': 988, 'rating': 'R', 'length': 139, 'price': '2.99'}}, {'collection_id': UUID('8630a875-4825-4716-a847-24e438aeea8f'), 'custom_id': '3a236d9e-f998-463e-a104-691ce29f8a81', 'embedding': [-0.7057693004608154 ... (63612 characters truncated) ... ut_slower_film_list', 'source_type': 'table', 'processed_at': '2025-01-15T11:08:59.293491', 'fid': 989, 'rating': 'R', 'length': 74, 'price': '4.99'}}, {'collection_id': UUID('8630a875-4825-4716-a847-24e438aeea8f'), 'custom_id': '1ae4be00-d2bf-43cb-9641-6ed3a43fb7be', 'embedding': [-0.0791822001338005 ... (63507 characters truncated) ... ower_film_list', 'source_type': 'table', 'processed_at': '2025-01-15T11:08:59.293491', 'fid': 990, 'rating': 'PG-13', 'length': 171, 'price': '0.99'}}, {'collection_id': UUID('8630a875-4825-4716-a847-24e438aeea8f'), 'custom_id': '87e90363-8ef8-43b6-83f1-9ed29c56f15e', 'embedding': [0.6018441319465637, ... (63445 characters truncated) ... _slower_film_list', 'source_type': 'table', 'processed_at': '2025-01-15T11:08:59.293491', 'fid': 991, 'rating': 'PG', 'length': 185, 'price': '2.99'}}, {'collection_id': UUID('8630a875-4825-4716-a847-24e438aeea8f'), 'custom_id': 'a14513ae-32a8-4c03-a9f2-d569a2da90ec', 'embedding': [-1.0380650758743286 ... (63401 characters truncated) ... ower_film_list', 'source_type': 'table', 'processed_at': '2025-01-15T11:08:59.293491', 'fid': 992, 'rating': 'NC-17', 'length': 176, 'price': '0.99'}}, {'collection_id': UUID('8630a875-4825-4716-a847-24e438aeea8f'), 'custom_id': 'ce96007c-55c7-4cb9-ad31-20e33ce3e67e', 'embedding': [-0.4940193593502044 ... (63627 characters truncated) ... ower_film_list', 'source_type': 'table', 'processed_at': '2025-01-15T11:08:59.293491', 'fid': 993, 'rating': 'PG-13', 'length': 178, 'price': '2.99'}}, {'collection_id': UUID('8630a875-4825-4716-a847-24e438aeea8f'), 'custom_id': '5519fc6d-9645-4e31-9fa3-cbd736cf939d', 'embedding': [-2.1023473739624023 ... (63344 characters truncated) ... ower_film_list', 'source_type': 'table', 'processed_at': '2025-01-15T11:08:59.293491', 'fid': 994, 'rating': 'PG-13', 'length': 100, 'price': '4.99'}}, {'collection_id': UUID('8630a875-4825-4716-a847-24e438aeea8f'), 'custom_id': '620a7332-1c8a-453b-aaf2-d0a8fd89fd5b', 'embedding': [-0.0243733376264572 ... (63570 characters truncated) ... ut_slower_film_list', 'source_type': 'table', 'processed_at': '2025-01-15T11:08:59.293491', 'fid': 995, 'rating': 'R', 'length': 86, 'price': '4.99'}}, {'collection_id': UUID('8630a875-4825-4716-a847-24e438aeea8f'), 'custom_id': '362325f6-c22d-4f97-b2ea-91c31f4b7eaa', 'embedding': [-1.008497714996338, ... (63474 characters truncated) ... t_slower_film_list', 'source_type': 'table', 'processed_at': '2025-01-15T11:08:59.293491', 'fid': 996, 'rating': 'G', 'length': 183, 'price': '0.99'}}, {'collection_id': UUID('8630a875-4825-4716-a847-24e438aeea8f'), 'custom_id': '9caa2f9b-c349-4fa7-8d53-6e36b224a2ab', 'embedding': [-0.7599725127220154 ... (63206 characters truncated) ... ower_film_list', 'source_type': 'table', 'processed_at': '2025-01-15T11:08:59.293491', 'fid': 997, 'rating': 'NC-17', 'length': 179, 'price': '0.99'}}, {'collection_id': UUID('8630a875-4825-4716-a847-24e438aeea8f'), 'custom_id': 'e25d96b9-f12b-460e-ae80-ef19dd85a605', 'embedding': [-0.3759529888629913 ... (63370 characters truncated) ... ower_film_list', 'source_type': 'table', 'processed_at': '2025-01-15T11:08:59.293491', 'fid': 998, 'rating': 'NC-17', 'length': 105, 'price': '0.99'}}, {'collection_id': UUID('8630a875-4825-4716-a847-24e438aeea8f'), 'custom_id': 'cd3956c2-a5b7-4f14-8555-e2116eb1893c', 'embedding': [-0.3721593320369720 ... (63469 characters truncated) ... t_slower_film_list', 'source_type': 'table', 'processed_at': '2025-01-15T11:08:59.293491', 'fid': 999, 'rating': 'R', 'length': 101, 'price': '2.99'}}, {'collection_id': UUID('8630a875-4825-4716-a847-24e438aeea8f'), 'custom_id': '7c20f99f-ac54-41b5-961d-6bdaf98ee59d', 'embedding': [-0.7996425628662109 ... (63242 characters truncated) ... ower_film_list', 'source_type': 'table', 'processed_at': '2025-01-15T11:08:59.293491', 'fid': 1000, 'rating': 'NC-17', 'length': 50, 'price': '4.99'}}, {'collection_id': UUID('8630a875-4825-4716-a847-24e438aeea8f'), 'custom_id': '4159e146-6600-4e0b-a57b-5771564cbfb5', 'embedding': [0.7109673023223877, ... (63280 characters truncated) ... etime(2013, 5, 26, 14, 49, 45, 738000), 'activebool': True, 'create_date': datetime.date(2006, 2, 14), 'address_id': 530, 'active': 1, 'store_id': 1}}, {'collection_id': UUID('8630a875-4825-4716-a847-24e438aeea8f'), 'custom_id': '4e856ffa-7ac5-4dc4-b14d-22e62526f6f4', 'embedding': [0.376608669757843,  ... (63374 characters truncated) ... atetime(2013, 5, 26, 14, 49, 45, 738000), 'activebool': True, 'create_date': datetime.date(2006, 2, 14), 'address_id': 5, 'active': 1, 'store_id': 1}}, {'collection_id': UUID('8630a875-4825-4716-a847-24e438aeea8f'), 'custom_id': '6e2f3c85-8aea-4dde-8926-56bfbb3bab71', 'embedding': [0.8435142636299133, ... (63274 characters truncated) ... atetime(2013, 5, 26, 14, 49, 45, 738000), 'activebool': True, 'create_date': datetime.date(2006, 2, 14), 'address_id': 6, 'active': 1, 'store_id': 1}}]]
2025-01-15 12:46:39,789 - ERROR - Error in process_all_data: (builtins.TypeError) Object of type datetime is not JSON serializable
[SQL: INSERT INTO langchain_pg_embedding (collection_id, embedding, document, cmetadata, custom_id, uuid) VALUES (%(collection_id)s::UUID, %(embedding)s, %(document)s, %(cmetadata)s, %(custom_id)s, %(uuid)s::UUID)]
[parameters: [{'collection_id': UUID('8630a875-4825-4716-a847-24e438aeea8f'), 'custom_id': '3e62780d-0402-4b70-a226-a83f7c5b2a8b', 'embedding': [-1.0752947330474854 ... (63556 characters truncated) ... ut_slower_film_list', 'source_type': 'table', 'processed_at': '2025-01-15T11:08:59.278508', 'fid': 904, 'rating': 'R', 'length': 71, 'price': '4.99'}}, {'collection_id': UUID('8630a875-4825-4716-a847-24e438aeea8f'), 'custom_id': '390ac0fc-e181-497b-810d-7d8daab0c882', 'embedding': [0.3698571026325226, ... (63239 characters truncated) ... ower_film_list', 'source_type': 'table', 'processed_at': '2025-01-15T11:08:59.278508', 'fid': 905, 'rating': 'PG-13', 'length': 132, 'price': '4.99'}}, {'collection_id': UUID('8630a875-4825-4716-a847-24e438aeea8f'), 'custom_id': 'b1b6688c-9738-4238-a433-ed1b6de243fc', 'embedding': [0.20536571741104126 ... (63470 characters truncated) ... _slower_film_list', 'source_type': 'table', 'processed_at': '2025-01-15T11:08:59.278508', 'fid': 906, 'rating': 'PG', 'length': 171, 'price': '0.99'}}, {'collection_id': UUID('8630a875-4825-4716-a847-24e438aeea8f'), 'custom_id': '29ee9112-2ed3-4104-8965-7c3c761a9c8b', 'embedding': [0.20800906419754028 ... (63559 characters truncated) ... ower_film_list', 'source_type': 'table', 'processed_at': '2025-01-15T11:08:59.278508', 'fid': 907, 'rating': 'PG-13', 'length': 168, 'price': '0.99'}}, {'collection_id': UUID('8630a875-4825-4716-a847-24e438aeea8f'), 'custom_id': 'bdec011d-ddbf-467d-b6ce-77fd7198bb54', 'embedding': [-0.3878811895847320 ... (63522 characters truncated) ... t_slower_film_list', 'source_type': 'table', 'processed_at': '2025-01-15T11:08:59.278508', 'fid': 908, 'rating': 'G', 'length': 110, 'price': '4.99'}}, {'collection_id': UUID('8630a875-4825-4716-a847-24e438aeea8f'), 'custom_id': 'a51d7f22-6cb3-4e30-bc52-5c6aa6198fe2', 'embedding': [-2.075671434402466, ... (63456 characters truncated) ... ower_film_list', 'source_type': 'table', 'processed_at': '2025-01-15T11:08:59.278508', 'fid': 909, 'rating': 'PG-13', 'length': 102, 'price': '0.99'}}, {'collection_id': UUID('8630a875-4825-4716-a847-24e438aeea8f'), 'custom_id': '99bb8679-dfb0-4f5f-ab4a-9d3bccf1f56b', 'embedding': [-0.7875540852546692 ... (63379 characters truncated) ... t_slower_film_list', 'source_type': 'table', 'processed_at': '2025-01-15T11:08:59.278508', 'fid': 910, 'rating': 'PG', 'length': 87, 'price': '0.99'}}, {'collection_id': UUID('8630a875-4825-4716-a847-24e438aeea8f'), 'custom_id': '7d83c096-4a22-401e-a84f-a6e26ee4c684', 'embedding': [-1.1047223806381226 ... (63513 characters truncated) ... lower_film_list', 'source_type': 'table', 'processed_at': '2025-01-15T11:08:59.278508', 'fid': 911, 'rating': 'PG-13', 'length': 64, 'price': '4.99'}}, {'collection_id': UUID('8630a875-4825-4716-a847-24e438aeea8f'), 'custom_id': '8283a9ad-59c1-465e-bbfe-78b8a0e500c0', 'embedding': [-0.6767544150352478 ... (63562 characters truncated) ... t_slower_film_list', 'source_type': 'table', 'processed_at': '2025-01-15T11:08:59.278508', 'fid': 912, 'rating': 'PG', 'length': 52, 'price': '2.99'}}, {'collection_id': UUID('8630a875-4825-4716-a847-24e438aeea8f'), 'custom_id': 'c5282e6d-cca8-416b-bd52-df1fdfd98d33', 'embedding': [-0.0222931150346994 ... (63447 characters truncated) ... t_slower_film_list', 'source_type': 'table', 'processed_at': '2025-01-15T11:08:59.278508', 'fid': 913, 'rating': 'R', 'length': 115, 'price': '0.99'}}, {'collection_id': UUID('8630a875-4825-4716-a847-24e438aeea8f'), 'custom_id': '43ddae79-c11d-4e86-ab8a-5328e76a283f', 'embedding': [-1.4510509967803955 ... (63339 characters truncated) ... t_slower_film_list', 'source_type': 'table', 'processed_at': '2025-01-15T11:08:59.278508', 'fid': 914, 'rating': 'PG', 'length': 61, 'price': '2.99'}}, {'collection_id': UUID('8630a875-4825-4716-a847-24e438aeea8f'), 'custom_id': '3e958f04-d359-4d9d-9166-e7a46fdded04', 'embedding': [-0.6307326555252075 ... (63516 characters truncated) ... ut_slower_film_list', 'source_type': 'table', 'processed_at': '2025-01-15T11:08:59.278508', 'fid': 915, 'rating': 'G', 'length': 92, 'price': '4.99'}}, {'collection_id': UUID('8630a875-4825-4716-a847-24e438aeea8f'), 'custom_id': '4ea36650-0099-4f0f-b76c-db7733e477a4', 'embedding': [-2.392367362976074, ... (63398 characters truncated) ... ut_slower_film_list', 'source_type': 'table', 'processed_at': '2025-01-15T11:08:59.278508', 'fid': 916, 'rating': 'G', 'length': 80, 'price': '2.99'}}, {'collection_id': UUID('8630a875-4825-4716-a847-24e438aeea8f'), 'custom_id': '64d2f406-d0d3-495f-8e39-e66720c1fe9c', 'embedding': [-1.2312102317810059 ... (63365 characters truncated) ... t_slower_film_list', 'source_type': 'table', 'processed_at': '2025-01-15T11:08:59.278508', 'fid': 917, 'rating': 'R', 'length': 152, 'price': '2.99'}}, {'collection_id': UUID('8630a875-4825-4716-a847-24e438aeea8f'), 'custom_id': 'f582dad1-4857-4552-939d-44d7c5682d41', 'embedding': [-0.2421101927757263 ... (63607 characters truncated) ... _slower_film_list', 'source_type': 'table', 'processed_at': '2025-01-15T11:08:59.278508', 'fid': 918, 'rating': 'PG', 'length': 152, 'price': '4.99'}}, {'collection_id': UUID('8630a875-4825-4716-a847-24e438aeea8f'), 'custom_id': 'b3c8736c-27a9-46fd-999c-0741bc98fcc0', 'embedding': [-1.226731538772583, ... (63672 characters truncated) ... ut_slower_film_list', 'source_type': 'table', 'processed_at': '2025-01-15T11:08:59.278508', 'fid': 919, 'rating': 'G', 'length': 82, 'price': '4.99'}}, {'collection_id': UUID('8630a875-4825-4716-a847-24e438aeea8f'), 'custom_id': 'fa84c38c-7425-426f-ac2b-dcc903a0569a', 'embedding': [-0.6028631329536438 ... (63335 characters truncated) ... ut_slower_film_list', 'source_type': 'table', 'processed_at': '2025-01-15T11:08:59.278508', 'fid': 920, 'rating': 'G', 'length': 62, 'price': '0.99'}}, {'collection_id': UUID('8630a875-4825-4716-a847-24e438aeea8f'), 'custom_id': 'a15a158a-f5bb-4071-aa6b-7f73527a19eb', 'embedding': [-0.9221132397651672 ... (63439 characters truncated) ... ower_film_list', 'source_type': 'table', 'processed_at': '2025-01-15T11:08:59.278508', 'fid': 921, 'rating': 'PG-13', 'length': 172, 'price': '2.99'}}, {'collection_id': UUID('8630a875-4825-4716-a847-24e438aeea8f'), 'custom_id': '2efaf33d-59bd-4f67-bc35-15ee6a313023', 'embedding': [0.2776128947734833, ... (63362 characters truncated) ... ower_film_list', 'source_type': 'table', 'processed_at': '2025-01-15T11:08:59.278508', 'fid': 922, 'rating': 'PG-13', 'length': 107, 'price': '4.99'}}, {'collection_id': UUID('8630a875-4825-4716-a847-24e438aeea8f'), 'custom_id': 'e78d8fd4-ef57-469f-b99c-97831798cc70', 'embedding': [-2.438030958175659, ... (63324 characters truncated) ... ut_slower_film_list', 'source_type': 'table', 'processed_at': '2025-01-15T11:08:59.278508', 'fid': 923, 'rating': 'R', 'length': 78, 'price': '2.99'}}, {'collection_id': UUID('8630a875-4825-4716-a847-24e438aeea8f'), 'custom_id': '3a41c557-e87a-452a-965f-ee0adb13c730', 'embedding': [-0.2995012402534485 ... (63435 characters truncated) ... _slower_film_list', 'source_type': 'table', 'processed_at': '2025-01-15T11:08:59.278508', 'fid': 924, 'rating': 'PG', 'length': 129, 'price': '0.99'}}, {'collection_id': UUID('8630a875-4825-4716-a847-24e438aeea8f'), 'custom_id': '6a7220c3-f555-446f-91cc-eba291c8b20f', 'embedding': [-0.8859360218048096 ... (63446 characters truncated) ... t_slower_film_list', 'source_type': 'table', 'processed_at': '2025-01-15T11:08:59.278508', 'fid': 925, 'rating': 'R', 'length': 164, 'price': '0.99'}}, {'collection_id': UUID('8630a875-4825-4716-a847-24e438aeea8f'), 'custom_id': '52be871b-6ba8-4c8e-9d54-ada29a51d6b3', 'embedding': [-0.8835533857345581 ... (63471 characters truncated) ... ower_film_list', 'source_type': 'table', 'processed_at': '2025-01-15T11:08:59.278508', 'fid': 926, 'rating': 'NC-17', 'length': 120, 'price': '2.99'}}, {'collection_id': UUID('8630a875-4825-4716-a847-24e438aeea8f'), 'custom_id': 'f1af39d8-44a9-46a6-bed0-47cdb1b7e2a5', 'embedding': [-0.4117313623428345 ... (63543 characters truncated) ... ower_film_list', 'source_type': 'table', 'processed_at': '2025-01-15T11:08:59.278508', 'fid': 927, 'rating': 'NC-17', 'length': 174, 'price': '2.99'}}, {'collection_id': UUID('8630a875-4825-4716-a847-24e438aeea8f'), 'custom_id': '22dba6a3-eef8-4486-a9e9-68b5ca9e42d5', 'embedding': [0.02347720414400100 ... (63292 characters truncated) ... t_slower_film_list', 'source_type': 'table', 'processed_at': '2025-01-15T11:08:59.278508', 'fid': 928, 'rating': 'PG', 'length': 84, 'price': '2.99'}}, {'collection_id': UUID('8630a875-4825-4716-a847-24e438aeea8f'), 'custom_id': 'a9c9ff77-b708-4770-9094-555ed37ac361', 'embedding': [-0.5530136823654175 ... (63517 characters truncated) ... ower_film_list', 'source_type': 'table', 'processed_at': '2025-01-15T11:08:59.278508', 'fid': 929, 'rating': 'PG-13', 'length': 128, 'price': '4.99'}}, {'collection_id': UUID('8630a875-4825-4716-a847-24e438aeea8f'), 'custom_id': '0d2fd8ac-f1b7-4452-81ed-fa52f6f53c46', 'embedding': [-0.0155944768339395 ... (63144 characters truncated) ... t_slower_film_list', 'source_type': 'table', 'processed_at': '2025-01-15T11:08:59.278508', 'fid': 930, 'rating': 'R', 'length': 145, 'price': '2.99'}}, {'collection_id': UUID('8630a875-4825-4716-a847-24e438aeea8f'), 'custom_id': '2387441b-c15e-4897-b1b9-8293a4f779a0', 'embedding': [-0.0756894648075103 ... (63516 characters truncated) ... lower_film_list', 'source_type': 'table', 'processed_at': '2025-01-15T11:08:59.278508', 'fid': 931, 'rating': 'PG-13', 'length': 48, 'price': '0.99'}}, {'collection_id': UUID('8630a875-4825-4716-a847-24e438aeea8f'), 'custom_id': 'd55f40cb-05c6-4fb7-9004-db12a466d543', 'embedding': [-0.8028794527053833 ... (63381 characters truncated) ... ut_slower_film_list', 'source_type': 'table', 'processed_at': '2025-01-15T11:08:59.278508', 'fid': 932, 'rating': 'G', 'length': 73, 'price': '0.99'}}, {'collection_id': UUID('8630a875-4825-4716-a847-24e438aeea8f'), 'custom_id': 'ce75b58c-c08d-4ad5-ba91-f0d5a219273d', 'embedding': [-0.3549075424671173 ... (63407 characters truncated) ... ower_film_list', 'source_type': 'table', 'processed_at': '2025-01-15T11:08:59.278508', 'fid': 933, 'rating': 'NC-17', 'length': 126, 'price': '4.99'}}, {'collection_id': UUID('8630a875-4825-4716-a847-24e438aeea8f'), 'custom_id': '8079e22d-b376-4f05-985c-c22d5d656c9f', 'embedding': [0.1481236219406128, ... (63196 characters truncated) ... ower_film_list', 'source_type': 'table', 'processed_at': '2025-01-15T11:08:59.278508', 'fid': 934, 'rating': 'NC-17', 'length': 122, 'price': '4.99'}}, {'collection_id': UUID('8630a875-4825-4716-a847-24e438aeea8f'), 'custom_id': '77cabbec-b6ff-4c1c-8467-8e9c24cf55f4', 'embedding': [-0.8380399942398071 ... (9793 characters truncated) ... t_slower_film_list', 'source_type': 'table', 'processed_at': '2025-01-15T11:08:59.278508', 'fid': 935, 'rating': 'R', 'length': 142, 'price': '0.99'}}, {'collection_id': UUID('8630a875-4825-4716-a847-24e438aeea8f'), 'custom_id': '9c21f870-7a93-48f6-a39e-1f7e804b6c3d', 'embedding': [-0.0215746853500604 ... (32897 characters truncated) ... ower_film_list', 'source_type': 'table', 'processed_at': '2025-01-15T11:08:59.278508', 'fid': 936, 'rating': 'NC-17', 'length': 123, 'price': '2.99'}}, {'collection_id': UUID('8630a875-4825-4716-a847-24e438aeea8f'), 'custom_id': '141f364c-e707-4abe-8ab6-98f413c987f9', 'embedding': [-0.9062901735305786 ... (32855 characters truncated) ... lower_film_list', 'source_type': 'table', 'processed_at': '2025-01-15T11:08:59.278508', 'fid': 937, 'rating': 'NC-17', 'length': 85, 'price': '2.99'}}, {'collection_id': UUID('8630a875-4825-4716-a847-24e438aeea8f'), 'custom_id': 'a68d0e58-3eaf-4b22-a88a-4a3c7fff468c', 'embedding': [0.01106109656393528 ... (22764 characters truncated) ... t_slower_film_list', 'source_type': 'table', 'processed_at': '2025-01-15T11:08:59.278508', 'fid': 938, 'rating': 'R', 'length': 173, 'price': '4.99'}}, {'collection_id': UUID('8630a875-4825-4716-a847-24e438aeea8f'), 'custom_id': 'ad3ad18c-5457-4bce-8a10-5ab64dc68e92', 'embedding': [-0.6696761846542358 ... (12332 characters truncated) ... ut_slower_film_list', 'source_type': 'table', 'processed_at': '2025-01-15T11:08:59.278508', 'fid': 939, 'rating': 'R', 'length': 90, 'price': '2.99'}}, {'collection_id': UUID('8630a875-4825-4716-a847-24e438aeea8f'), 'custom_id': '00cff60c-7a56-4d36-b1e0-2d44bd75ae2a', 'embedding': [-1.0581673383712769 ... (22699 characters truncated) ... lower_film_list', 'source_type': 'table', 'processed_at': '2025-01-15T11:08:59.278508', 'fid': 940, 'rating': 'PG-13', 'length': 64, 'price': '0.99'}}, {'collection_id': UUID('8630a875-4825-4716-a847-24e438aeea8f'), 'custom_id': '09b14c93-d5db-43c4-8105-ff342dae88c0', 'embedding': [-1.7750450372695923 ... (21090 characters truncated) ... ower_film_list', 'source_type': 'table', 'processed_at': '2025-01-15T11:08:59.278508', 'fid': 941, 'rating': 'NC-17', 'length': 145, 'price': '4.99'}}, {'collection_id': UUID('8630a875-4825-4716-a847-24e438aeea8f'), 'custom_id': 'ccee1249-16c8-457e-860f-9b9ece5c17ec', 'embedding': [-0.2138475477695465 ... (30551 characters truncated) ... ower_film_list', 'source_type': 'table', 'processed_at': '2025-01-15T11:08:59.278508', 'fid': 942, 'rating': 'PG-13', 'length': 174, 'price': '0.99'}}, {'collection_id': UUID('8630a875-4825-4716-a847-24e438aeea8f'), 'custom_id': 'e89f71bb-1f70-47bc-8067-41dc6c33734b', 'embedding': [-1.2125470638275146 ... (18018 characters truncated) ... lower_film_list', 'source_type': 'table', 'processed_at': '2025-01-15T11:08:59.278508', 'fid': 943, 'rating': 'PG-13', 'length': 76, 'price': '4.99'}}, {'collection_id': UUID('8630a875-4825-4716-a847-24e438aeea8f'), 'custom_id': 'af00b644-1194-4395-a016-7bd2a75ee0a4', 'embedding': [0, 0, 0, 0, 0, 0, 0 ... (9493 characters truncated) ... ower_film_list', 'source_type': 'table', 'processed_at': '2025-01-15T11:08:59.278508', 'fid': 944, 'rating': 'PG-13', 'length': 179, 'price': '4.99'}}, {'collection_id': UUID('8630a875-4825-4716-a847-24e438aeea8f'), 'custom_id': '9b07bef9-6dcf-48b9-b766-0eb17c892785', 'embedding': [-1.1095571517944336 ... (18867 characters truncated) ... t_slower_film_list', 'source_type': 'table', 'processed_at': '2025-01-15T11:08:59.278508', 'fid': 945, 'rating': 'R', 'length': 164, 'price': '0.99'}}, {'collection_id': UUID('8630a875-4825-4716-a847-24e438aeea8f'), 'custom_id': '07032052-de8d-4de5-961f-06ff71f3318c', 'embedding': [-0.0419936142861843 ... (15576 characters truncated) ... ower_film_list', 'source_type': 'table', 'processed_at': '2025-01-15T11:08:59.278508', 'fid': 946, 'rating': 'NC-17', 'length': 144, 'price': '4.99'}}, {'collection_id': UUID('8630a875-4825-4716-a847-24e438aeea8f'), 'custom_id': 'c8886ec9-2b3b-4fc8-ac12-863ecbf3597e', 'embedding': [-1.4554821252822876 ... (44538 characters truncated) ... lower_film_list', 'source_type': 'table', 'processed_at': '2025-01-15T11:08:59.278508', 'fid': 947, 'rating': 'PG-13', 'length': 59, 'price': '0.99'}}, {'collection_id': UUID('8630a875-4825-4716-a847-24e438aeea8f'), 'custom_id': 'fc12924b-4996-4af0-94b2-edc216d57a6b', 'embedding': [0.5278493762016296, ... (39789 characters truncated) ... ower_film_list', 'source_type': 'table', 'processed_at': '2025-01-15T11:08:59.278508', 'fid': 948, 'rating': 'PG-13', 'length': 139, 'price': '0.99'}}, {'collection_id': UUID('8630a875-4825-4716-a847-24e438aeea8f'), 'custom_id': 'e5cad25f-28de-4337-af2b-4c9cb67ad2a0', 'embedding': [-0.7784419059753418 ... (18819 characters truncated) ... ower_film_list', 'source_type': 'table', 'processed_at': '2025-01-15T11:08:59.278508', 'fid': 949, 'rating': 'NC-17', 'length': 157, 'price': '0.99'}}, {'collection_id': UUID('8630a875-4825-4716-a847-24e438aeea8f'), 'custom_id': '53bc41a6-9bdc-4d51-97ab-b960f973f54e', 'embedding': [-0.3185125887393951 ... (22021 characters truncated) ... _slower_film_list', 'source_type': 'table', 'processed_at': '2025-01-15T11:08:59.278508', 'fid': 950, 'rating': 'PG', 'length': 132, 'price': '4.99'}}, {'collection_id': UUID('8630a875-4825-4716-a847-24e438aeea8f'), 'custom_id': 'e6166685-e965-4f19-aeef-4ca97ccddfb7', 'embedding': [-1.7972688674926758 ... (30463 characters truncated) ... lower_film_list', 'source_type': 'table', 'processed_at': '2025-01-15T11:08:59.278508', 'fid': 951, 'rating': 'PG-13', 'length': 78, 'price': '0.99'}}, {'collection_id': UUID('8630a875-4825-4716-a847-24e438aeea8f'), 'custom_id': 'de4df362-17ef-4d35-a40b-cefaee1722df', 'embedding': [-0.0043459828011691 ... (29401 characters truncated) ... _slower_film_list', 'source_type': 'table', 'processed_at': '2025-01-15T11:08:59.278508', 'fid': 952, 'rating': 'PG', 'length': 152, 'price': '2.99'}}, {'collection_id': UUID('8630a875-4825-4716-a847-24e438aeea8f'), 'custom_id': '95d84bf9-5ff1-403d-b7f9-f36e75af2cb1', 'embedding': [-0.9524860382080078 ... (15730 characters truncated) ... ower_film_list', 'source_type': 'table', 'processed_at': '2025-01-15T11:08:59.278508', 'fid': 953, 'rating': 'PG-13', 'length': 112, 'price': '0.99'}}, {'collection_id': UUID('8630a875-4825-4716-a847-24e438aeea8f'), 'custom_id': 'c6f01f03-5af4-4e27-b3da-f5575eafd956', 'embedding': [-0.1766200661659240 ... (63533 characters truncated) ... ut_slower_film_list', 'source_type': 'table', 'processed_at': '2025-01-15T11:08:59.278508', 'fid': 954, 'rating': 'G', 'length': 73, 'price': '4.99'}}, {'collection_id': UUID('8630a875-4825-4716-a847-24e438aeea8f'), 'custom_id': 'b02e14c9-a2a1-4e1d-89c8-ab8db265dc09', 'embedding': [0.4560265839099884, ... (63495 characters truncated) ... _slower_film_list', 'source_type': 'table', 'processed_at': '2025-01-15T11:08:59.278508', 'fid': 955, 'rating': 'PG', 'length': 135, 'price': '4.99'}}, {'collection_id': UUID('8630a875-4825-4716-a847-24e438aeea8f'), 'custom_id': '6f21493f-3a94-4946-aa52-f970e8e528fe', 'embedding': [-0.8730553984642029 ... (63396 characters truncated) ... ower_film_list', 'source_type': 'table', 'processed_at': '2025-01-15T11:08:59.278508', 'fid': 956, 'rating': 'PG-13', 'length': 107, 'price': '4.99'}}, {'collection_id': UUID('8630a875-4825-4716-a847-24e438aeea8f'), 'custom_id': '9df9e2e9-779a-4dab-961b-a8715a626131', 'embedding': [-0.2529423534870147 ... (63411 characters truncated) ... ut_slower_film_list', 'source_type': 'table', 'processed_at': '2025-01-15T11:08:59.278508', 'fid': 957, 'rating': 'G', 'length': 80, 'price': '4.99'}}, {'collection_id': UUID('8630a875-4825-4716-a847-24e438aeea8f'), 'custom_id': 'a2ba2fe0-543e-4fa9-a0f2-2a48565a5215', 'embedding': [-1.169555902481079, ... (63512 characters truncated) ... t_slower_film_list', 'source_type': 'table', 'processed_at': '2025-01-15T11:08:59.278508', 'fid': 958, 'rating': 'G', 'length': 178, 'price': '2.99'}}, {'collection_id': UUID('8630a875-4825-4716-a847-24e438aeea8f'), 'custom_id': '4f7c6229-3e84-4c71-8938-845a8eb5dbb8', 'embedding': [-0.2450260072946548 ... (63528 characters truncated) ... ut_slower_film_list', 'source_type': 'table', 'processed_at': '2025-01-15T11:08:59.278508', 'fid': 959, 'rating': 'G', 'length': 83, 'price': '2.99'}}, {'collection_id': UUID('8630a875-4825-4716-a847-24e438aeea8f'), 'custom_id': '04b5c869-4a9c-4815-8a32-bbfb60bc6af6', 'embedding': [-1.4388673305511475 ... (63585 characters truncated) ... t_slower_film_list', 'source_type': 'table', 'processed_at': '2025-01-15T11:08:59.292864', 'fid': 960, 'rating': 'G', 'length': 128, 'price': '2.99'}}, {'collection_id': UUID('8630a875-4825-4716-a847-24e438aeea8f'), 'custom_id': '910b9e08-c67c-456f-87c0-b4f59d0c5215', 'embedding': [0.33911165595054626 ... (63566 characters truncated) ... t_slower_film_list', 'source_type': 'table', 'processed_at': '2025-01-15T11:08:59.292864', 'fid': 961, 'rating': 'R', 'length': 161, 'price': '4.99'}}, {'collection_id': UUID('8630a875-4825-4716-a847-24e438aeea8f'), 'custom_id': 'a43e655d-e53c-4e06-b713-47162a65f89f', 'embedding': [-1.703718662261963, ... (63420 characters truncated) ... t_slower_film_list', 'source_type': 'table', 'processed_at': '2025-01-15T11:08:59.292864', 'fid': 962, 'rating': 'PG', 'length': 85, 'price': '2.99'}}, {'collection_id': UUID('8630a875-4825-4716-a847-24e438aeea8f'), 'custom_id': '7b5adfb5-b922-42d1-8482-55b85c3801e9', 'embedding': [0.32479456067085266 ... (63139 characters truncated) ... t_slower_film_list', 'source_type': 'table', 'processed_at': '2025-01-15T11:08:59.292864', 'fid': 963, 'rating': 'PG', 'length': 78, 'price': '0.99'}}, {'collection_id': UUID('8630a875-4825-4716-a847-24e438aeea8f'), 'custom_id': 'd467b2f5-194a-426a-b2b3-09c555e8425f', 'embedding': [-0.724571168422699, ... (63627 characters truncated) ... ut_slower_film_list', 'source_type': 'table', 'processed_at': '2025-01-15T11:08:59.292864', 'fid': 964, 'rating': 'G', 'length': 61, 'price': '4.99'}}, {'collection_id': UUID('8630a875-4825-4716-a847-24e438aeea8f'), 'custom_id': 'a9e6f137-828a-460b-b549-4b569904adc9', 'embedding': [-0.8056778311729431 ... (63581 characters truncated) ... t_slower_film_list', 'source_type': 'table', 'processed_at': '2025-01-15T11:08:59.292864', 'fid': 965, 'rating': 'G', 'length': 112, 'price': '0.99'}}, {'collection_id': UUID('8630a875-4825-4716-a847-24e438aeea8f'), 'custom_id': '22ff9ccd-481b-462d-99cf-9d2c323451fd', 'embedding': [-1.8015360832214355 ... (63483 characters truncated) ... t_slower_film_list', 'source_type': 'table', 'processed_at': '2025-01-15T11:08:59.292864', 'fid': 966, 'rating': 'PG', 'length': 70, 'price': '0.99'}}, {'collection_id': UUID('8630a875-4825-4716-a847-24e438aeea8f'), 'custom_id': 'b881f30d-2323-48e3-b7a3-107add6314fd', 'embedding': [-0.3149685859680176 ... (63484 characters truncated) ... t_slower_film_list', 'source_type': 'table', 'processed_at': '2025-01-15T11:08:59.292864', 'fid': 967, 'rating': 'R', 'length': 134, 'price': '2.99'}}, {'collection_id': UUID('8630a875-4825-4716-a847-24e438aeea8f'), 'custom_id': '8f889854-20c6-4bc1-94e1-8b9b170ebf85', 'embedding': [-0.5036507248878479 ... (63406 characters truncated) ... ut_slower_film_list', 'source_type': 'table', 'processed_at': '2025-01-15T11:08:59.292864', 'fid': 968, 'rating': 'G', 'length': 79, 'price': '4.99'}}, {'collection_id': UUID('8630a875-4825-4716-a847-24e438aeea8f'), 'custom_id': '57dad30d-ebd5-4f39-a153-9e46d3ab4ad6', 'embedding': [0.08988351374864578 ... (63576 characters truncated) ... t_slower_film_list', 'source_type': 'table', 'processed_at': '2025-01-15T11:08:59.292864', 'fid': 969, 'rating': 'G', 'length': 159, 'price': '4.99'}}, {'collection_id': UUID('8630a875-4825-4716-a847-24e438aeea8f'), 'custom_id': 'e2b1ed53-6971-446d-9234-5d77f12f65eb', 'embedding': [0.00817631930112838 ... (63558 characters truncated) ... lower_film_list', 'source_type': 'table', 'processed_at': '2025-01-15T11:08:59.292864', 'fid': 970, 'rating': 'NC-17', 'length': 52, 'price': '0.99'}}, {'collection_id': UUID('8630a875-4825-4716-a847-24e438aeea8f'), 'custom_id': '6931aae0-7229-43b3-b7ba-61e44ff0fb26', 'embedding': [-0.2495430260896682 ... (63557 characters truncated) ... ower_film_list', 'source_type': 'table', 'processed_at': '2025-01-15T11:08:59.292864', 'fid': 971, 'rating': 'PG-13', 'length': 109, 'price': '4.99'}}, {'collection_id': UUID('8630a875-4825-4716-a847-24e438aeea8f'), 'custom_id': '260a0d6d-0709-4eed-9d67-8c81d9d45bd3', 'embedding': [-0.6664092540740967 ... (63459 characters truncated) ... lower_film_list', 'source_type': 'table', 'processed_at': '2025-01-15T11:08:59.292864', 'fid': 972, 'rating': 'PG-13', 'length': 59, 'price': '4.99'}}, {'collection_id': UUID('8630a875-4825-4716-a847-24e438aeea8f'), 'custom_id': 'fdfc9a39-123b-46ea-8f4b-41e8d7e4a441', 'embedding': [-1.025410532951355, ... (63283 characters truncated) ... ower_film_list', 'source_type': 'table', 'processed_at': '2025-01-15T11:08:59.292864', 'fid': 973, 'rating': 'NC-17', 'length': 183, 'price': '4.99'}}, {'collection_id': UUID('8630a875-4825-4716-a847-24e438aeea8f'), 'custom_id': 'c095eb3c-8e0b-4b25-820f-7ba9d992212d', 'embedding': [-0.9315131902694702 ... (63469 characters truncated) ... t_slower_film_list', 'source_type': 'table', 'processed_at': '2025-01-15T11:08:59.293246', 'fid': 974, 'rating': 'R', 'length': 181, 'price': '0.99'}}, {'collection_id': UUID('8630a875-4825-4716-a847-24e438aeea8f'), 'custom_id': '6e560fa9-9928-4713-abaf-254e199dc775', 'embedding': [-1.4029122591018677 ... (63525 characters truncated) ... t_slower_film_list', 'source_type': 'table', 'processed_at': '2025-01-15T11:08:59.293246', 'fid': 975, 'rating': 'R', 'length': 137, 'price': '2.99'}}, {'collection_id': UUID('8630a875-4825-4716-a847-24e438aeea8f'), 'custom_id': 'd8c5100c-e4f9-4f81-90eb-a8116ea1fa4c', 'embedding': [-0.9629642367362976 ... (63649 characters truncated) ... t_slower_film_list', 'source_type': 'table', 'processed_at': '2025-01-15T11:08:59.293246', 'fid': 976, 'rating': 'R', 'length': 111, 'price': '0.99'}}, {'collection_id': UUID('8630a875-4825-4716-a847-24e438aeea8f'), 'custom_id': 'cc347bc0-65ea-44de-95e0-bf49eeb68b80', 'embedding': [-1.3722467422485352 ... (63258 characters truncated) ... ut_slower_film_list', 'source_type': 'table', 'processed_at': '2025-01-15T11:08:59.293246', 'fid': 977, 'rating': 'R', 'length': 85, 'price': '2.99'}}, {'collection_id': UUID('8630a875-4825-4716-a847-24e438aeea8f'), 'custom_id': '9fa969ea-0f07-4ce9-a1ed-ca97434f80c7', 'embedding': [-1.041428565979004, ... (63665 characters truncated) ... ut_slower_film_list', 'source_type': 'table', 'processed_at': '2025-01-15T11:08:59.293246', 'fid': 978, 'rating': 'R', 'length': 98, 'price': '0.99'}}, {'collection_id': UUID('8630a875-4825-4716-a847-24e438aeea8f'), 'custom_id': '6c57ba83-6514-455a-b08b-cfdff089e2fa', 'embedding': [0.5186417102813721, ... (63515 characters truncated) ... ower_film_list', 'source_type': 'table', 'processed_at': '2025-01-15T11:08:59.293246', 'fid': 979, 'rating': 'NC-17', 'length': 100, 'price': '4.99'}}, {'collection_id': UUID('8630a875-4825-4716-a847-24e438aeea8f'), 'custom_id': '573697e0-30eb-4d8c-8e0a-d1e4e109f2fd', 'embedding': [-1.274922490119934, ... (63602 characters truncated) ... t_slower_film_list', 'source_type': 'table', 'processed_at': '2025-01-15T11:08:59.293246', 'fid': 980, 'rating': 'PG', 'length': 75, 'price': '4.99'}}, {'collection_id': UUID('8630a875-4825-4716-a847-24e438aeea8f'), 'custom_id': '46301529-f197-4e9d-b02a-06da101b5c9e', 'embedding': [-1.6014056205749512 ... (63508 characters truncated) ... lower_film_list', 'source_type': 'table', 'processed_at': '2025-01-15T11:08:59.293246', 'fid': 981, 'rating': 'NC-17', 'length': 55, 'price': '0.99'}}, {'collection_id': UUID('8630a875-4825-4716-a847-24e438aeea8f'), 'custom_id': '93fda11d-d190-4c0b-b69b-6b8238bee79f', 'embedding': [-0.9133904576301575 ... (63539 characters truncated) ... t_slower_film_list', 'source_type': 'table', 'processed_at': '2025-01-15T11:08:59.293491', 'fid': 982, 'rating': 'R', 'length': 126, 'price': '0.99'}}, {'collection_id': UUID('8630a875-4825-4716-a847-24e438aeea8f'), 'custom_id': '95358a1d-6929-4d4c-b403-cd2111a1cf05', 'embedding': [-0.0512982606887817 ... (63288 characters truncated) ... _slower_film_list', 'source_type': 'table', 'processed_at': '2025-01-15T11:08:59.293491', 'fid': 983, 'rating': 'PG', 'length': 105, 'price': '2.99'}}, {'collection_id': UUID('8630a875-4825-4716-a847-24e438aeea8f'), 'custom_id': '0d9f476c-f080-4c99-b70c-cb016bfc1a33', 'embedding': [0.5477486252784729, ... (63405 characters truncated) ... ower_film_list', 'source_type': 'table', 'processed_at': '2025-01-15T11:08:59.293491', 'fid': 984, 'rating': 'NC-17', 'length': 126, 'price': '2.99'}}, {'collection_id': UUID('8630a875-4825-4716-a847-24e438aeea8f'), 'custom_id': 'cb841839-7eb9-4025-a356-4c2c892b7e4f', 'embedding': [1.0289744138717651, ... (63567 characters truncated) ... _slower_film_list', 'source_type': 'table', 'processed_at': '2025-01-15T11:08:59.293491', 'fid': 985, 'rating': 'PG', 'length': 111, 'price': '4.99'}}, {'collection_id': UUID('8630a875-4825-4716-a847-24e438aeea8f'), 'custom_id': '83042be0-df9f-4aa9-8729-13d234d19fe8', 'embedding': [-0.6941872835159302 ... (63250 characters truncated) ... lower_film_list', 'source_type': 'table', 'processed_at': '2025-01-15T11:08:59.293491', 'fid': 986, 'rating': 'NC-17', 'length': 85, 'price': '2.99'}}, {'collection_id': UUID('8630a875-4825-4716-a847-24e438aeea8f'), 'custom_id': '13ffe085-15b0-47a0-9a75-3604157cdb97', 'embedding': [-0.6205522418022156 ... (63607 characters truncated) ... _slower_film_list', 'source_type': 'table', 'processed_at': '2025-01-15T11:08:59.293491', 'fid': 987, 'rating': 'PG', 'length': 116, 'price': '2.99'}}, {'collection_id': UUID('8630a875-4825-4716-a847-24e438aeea8f'), 'custom_id': '185c745b-8bdd-4a24-8fa7-6ff42c3461e9', 'embedding': [0.335370272397995,  ... (63548 characters truncated) ... t_slower_film_list', 'source_type': 'table', 'processed_at': '2025-01-15T11:08:59.293491', 'fid': 988, 'rating': 'R', 'length': 139, 'price': '2.99'}}, {'collection_id': UUID('8630a875-4825-4716-a847-24e438aeea8f'), 'custom_id': '3a236d9e-f998-463e-a104-691ce29f8a81', 'embedding': [-0.7057693004608154 ... (63612 characters truncated) ... ut_slower_film_list', 'source_type': 'table', 'processed_at': '2025-01-15T11:08:59.293491', 'fid': 989, 'rating': 'R', 'length': 74, 'price': '4.99'}}, {'collection_id': UUID('8630a875-4825-4716-a847-24e438aeea8f'), 'custom_id': '1ae4be00-d2bf-43cb-9641-6ed3a43fb7be', 'embedding': [-0.0791822001338005 ... (63507 characters truncated) ... ower_film_list', 'source_type': 'table', 'processed_at': '2025-01-15T11:08:59.293491', 'fid': 990, 'rating': 'PG-13', 'length': 171, 'price': '0.99'}}, {'collection_id': UUID('8630a875-4825-4716-a847-24e438aeea8f'), 'custom_id': '87e90363-8ef8-43b6-83f1-9ed29c56f15e', 'embedding': [0.6018441319465637, ... (63445 characters truncated) ... _slower_film_list', 'source_type': 'table', 'processed_at': '2025-01-15T11:08:59.293491', 'fid': 991, 'rating': 'PG', 'length': 185, 'price': '2.99'}}, {'collection_id': UUID('8630a875-4825-4716-a847-24e438aeea8f'), 'custom_id': 'a14513ae-32a8-4c03-a9f2-d569a2da90ec', 'embedding': [-1.0380650758743286 ... (63401 characters truncated) ... ower_film_list', 'source_type': 'table', 'processed_at': '2025-01-15T11:08:59.293491', 'fid': 992, 'rating': 'NC-17', 'length': 176, 'price': '0.99'}}, {'collection_id': UUID('8630a875-4825-4716-a847-24e438aeea8f'), 'custom_id': 'ce96007c-55c7-4cb9-ad31-20e33ce3e67e', 'embedding': [-0.4940193593502044 ... (63627 characters truncated) ... ower_film_list', 'source_type': 'table', 'processed_at': '2025-01-15T11:08:59.293491', 'fid': 993, 'rating': 'PG-13', 'length': 178, 'price': '2.99'}}, {'collection_id': UUID('8630a875-4825-4716-a847-24e438aeea8f'), 'custom_id': '5519fc6d-9645-4e31-9fa3-cbd736cf939d', 'embedding': [-2.1023473739624023 ... (63344 characters truncated) ... ower_film_list', 'source_type': 'table', 'processed_at': '2025-01-15T11:08:59.293491', 'fid': 994, 'rating': 'PG-13', 'length': 100, 'price': '4.99'}}, {'collection_id': UUID('8630a875-4825-4716-a847-24e438aeea8f'), 'custom_id': '620a7332-1c8a-453b-aaf2-d0a8fd89fd5b', 'embedding': [-0.0243733376264572 ... (63570 characters truncated) ... ut_slower_film_list', 'source_type': 'table', 'processed_at': '2025-01-15T11:08:59.293491', 'fid': 995, 'rating': 'R', 'length': 86, 'price': '4.99'}}, {'collection_id': UUID('8630a875-4825-4716-a847-24e438aeea8f'), 'custom_id': '362325f6-c22d-4f97-b2ea-91c31f4b7eaa', 'embedding': [-1.008497714996338, ... (63474 characters truncated) ... t_slower_film_list', 'source_type': 'table', 'processed_at': '2025-01-15T11:08:59.293491', 'fid': 996, 'rating': 'G', 'length': 183, 'price': '0.99'}}, {'collection_id': UUID('8630a875-4825-4716-a847-24e438aeea8f'), 'custom_id': '9caa2f9b-c349-4fa7-8d53-6e36b224a2ab', 'embedding': [-0.7599725127220154 ... (63206 characters truncated) ... ower_film_list', 'source_type': 'table', 'processed_at': '2025-01-15T11:08:59.293491', 'fid': 997, 'rating': 'NC-17', 'length': 179, 'price': '0.99'}}, {'collection_id': UUID('8630a875-4825-4716-a847-24e438aeea8f'), 'custom_id': 'e25d96b9-f12b-460e-ae80-ef19dd85a605', 'embedding': [-0.3759529888629913 ... (63370 characters truncated) ... ower_film_list', 'source_type': 'table', 'processed_at': '2025-01-15T11:08:59.293491', 'fid': 998, 'rating': 'NC-17', 'length': 105, 'price': '0.99'}}, {'collection_id': UUID('8630a875-4825-4716-a847-24e438aeea8f'), 'custom_id': 'cd3956c2-a5b7-4f14-8555-e2116eb1893c', 'embedding': [-0.3721593320369720 ... (63469 characters truncated) ... t_slower_film_list', 'source_type': 'table', 'processed_at': '2025-01-15T11:08:59.293491', 'fid': 999, 'rating': 'R', 'length': 101, 'price': '2.99'}}, {'collection_id': UUID('8630a875-4825-4716-a847-24e438aeea8f'), 'custom_id': '7c20f99f-ac54-41b5-961d-6bdaf98ee59d', 'embedding': [-0.7996425628662109 ... (63242 characters truncated) ... ower_film_list', 'source_type': 'table', 'processed_at': '2025-01-15T11:08:59.293491', 'fid': 1000, 'rating': 'NC-17', 'length': 50, 'price': '4.99'}}, {'collection_id': UUID('8630a875-4825-4716-a847-24e438aeea8f'), 'custom_id': '4159e146-6600-4e0b-a57b-5771564cbfb5', 'embedding': [0.7109673023223877, ... (63280 characters truncated) ... etime(2013, 5, 26, 14, 49, 45, 738000), 'activebool': True, 'create_date': datetime.date(2006, 2, 14), 'address_id': 530, 'active': 1, 'store_id': 1}}, {'collection_id': UUID('8630a875-4825-4716-a847-24e438aeea8f'), 'custom_id': '4e856ffa-7ac5-4dc4-b14d-22e62526f6f4', 'embedding': [0.376608669757843,  ... (63374 characters truncated) ... atetime(2013, 5, 26, 14, 49, 45, 738000), 'activebool': True, 'create_date': datetime.date(2006, 2, 14), 'address_id': 5, 'active': 1, 'store_id': 1}}, {'collection_id': UUID('8630a875-4825-4716-a847-24e438aeea8f'), 'custom_id': '6e2f3c85-8aea-4dde-8926-56bfbb3bab71', 'embedding': [0.8435142636299133, ... (63274 characters truncated) ... atetime(2013, 5, 26, 14, 49, 45, 738000), 'activebool': True, 'create_date': datetime.date(2006, 2, 14), 'address_id': 6, 'active': 1, 'store_id': 1}}]]
2025-01-15 12:56:41,191 - INFO - Found 22 tables and 7 views
2025-01-15 12:56:41,191 - INFO - Generated 22 configurations
2025-01-15 12:56:41,388 - INFO - Processed nicer_but_slower_film_list: 997 documents
2025-01-15 12:56:41,473 - INFO - Processed customer: 599 documents
2025-01-15 12:56:41,618 - INFO - Processed sales_by_film_category: 16 documents
2025-01-15 12:56:41,785 - ERROR - Error processing customer_list: column "zip" does not exist
LINE 3:                         SELECT notes, city, zip code, countr...
                                                    ^

2025-01-15 12:56:42,001 - INFO - Processed film: 1000 documents
2025-01-15 12:56:42,137 - INFO - Processed sales_by_store: 2 documents
2025-01-15 12:56:42,268 - INFO - Processed film_list: 997 documents
2025-01-15 12:56:42,335 - INFO - Processed staff: 2 documents
2025-01-15 12:56:42,412 - INFO - Processed address: 603 documents
2025-01-15 12:56:42,473 - ERROR - Error processing staff_list: column "zip" does not exist
LINE 3: ...            SELECT phone, name, address, country, zip code, ...
                                                             ^

2025-01-15 12:56:42,537 - INFO - Processed category: 16 documents
2025-01-15 12:56:43,575 - INFO - Processed actor_info: 200 documents
2025-01-15 12:56:43,750 - INFO - Processed city: 600 documents
2025-01-15 12:56:43,818 - INFO - Processed country: 109 documents
2025-01-15 12:56:43,884 - INFO - Processed actor: 200 documents
2025-01-15 12:56:44,966 - INFO - Processed actor_info: 200 documents
2025-01-15 12:56:45,155 - INFO - Processed customer_list: 599 documents
2025-01-15 12:56:45,295 - INFO - Processed film_list: 997 documents
2025-01-15 12:56:45,527 - INFO - Processed nicer_but_slower_film_list: 997 documents
2025-01-15 12:56:45,645 - INFO - Processed sales_by_film_category: 16 documents
2025-01-15 12:56:45,772 - INFO - Processed sales_by_store: 2 documents
2025-01-15 12:56:45,847 - INFO - Processed staff_list: 2 documents
2025-01-15 13:32:56,882 - ERROR - Error in create_vector_store: (builtins.TypeError) Object of type datetime is not JSON serializable
[SQL: INSERT INTO langchain_pg_embedding (collection_id, embedding, document, cmetadata, custom_id, uuid) VALUES (%(collection_id)s::UUID, %(embedding)s, %(document)s, %(cmetadata)s, %(custom_id)s, %(uuid)s::UUID)]
[parameters: [{'custom_id': 'b0a480f1-49a5-4ea4-a9d3-b8c422984349', 'collection_id': UUID('8630a875-4825-4716-a847-24e438aeea8f'), 'document': 'Horror A Thrilling C ... (16091 characters truncated) ... 1, -1.108541488647461, 0.6461762189865112, -0.7078050971031189, -0.5291610956192017, -0.26008665561676025, -0.3297913670539856, -0.21665583550930023]}, {'custom_id': 'ed711eba-7f16-46ea-bda8-77dcec5e8599', 'collection_id': UUID('8630a875-4825-4716-a847-24e438aeea8f'), 'document': 'Comedy A Fast-Paced  ... (16174 characters truncated) ... 94, -0.3137493133544922, 0.6462844610214233, -0.6856353282928467, -0.9244416356086731, -0.2521081864833832, -0.8347794413566589, -0.6189147233963013]}, {'custom_id': '82ef8d3e-dece-4972-b009-e21e5f76fd8b', 'collection_id': UUID('8630a875-4825-4716-a847-24e438aeea8f'), 'document': 'Comedy A Brilliant D ... (16160 characters truncated) ... 26, -0.890547513961792, 0.8487347364425659, -0.5092208385467529, -0.9083120822906494, -0.3316948115825653, -0.29210034012794495, -1.1918901205062866]}, {'custom_id': '857f1869-caba-4b1a-8c11-b8627af53765', 'collection_id': UUID('8630a875-4825-4716-a847-24e438aeea8f'), 'document': 'Drama A Touching Ref ... (16144 characters truncated) ... , -0.8917983174324036, 0.34477174282073975, -0.5784960985183716, -0.2831941246986389, 0.15463346242904663, -0.43259984254837036, 0.03944898396730423]}, {'custom_id': '3992fcf7-8538-41cf-b0bf-cb992c1cc05b', 'collection_id': UUID('8630a875-4825-4716-a847-24e438aeea8f'), 'document': 'Foreign A Unbelievea ... (16179 characters truncated) ...  -0.42395758628845215, 0.6758702397346497, -0.3698291480541229, -0.03823660686612129, -0.3906066417694092, -0.5451481938362122, -0.31368738412857056]}, {'custom_id': '89b5f2d5-a477-41a4-9638-b3c1318eed15', 'collection_id': UUID('8630a875-4825-4716-a847-24e438aeea8f'), 'document': 'Horror A Emotional S ... (16162 characters truncated) ... 02, -0.27600225806236267, -0.425192266702652, -0.86858731508255, -0.2989986538887024, -0.19159135222434998, -0.2429361194372177, -0.2842072546482086]}, {'custom_id': '6a083500-cf2e-490d-afad-caf512360dff', 'collection_id': UUID('8630a875-4825-4716-a847-24e438aeea8f'), 'document': 'Drama A Boring Story ... (16136 characters truncated) ... , -1.2972564697265625, 0.4281565248966217, -0.7111936807632446, -0.4880121350288391, -0.23288008570671082, -0.08834026753902435, -1.2153654098510742]}, {'custom_id': '05ee6440-3ed2-465b-a2e1-ca1b19d94fab', 'collection_id': UUID('8630a875-4825-4716-a847-24e438aeea8f'), 'document': 'Action A Fanciful Ch ... (16139 characters truncated) ... -0.46750321984291077, 0.3397645354270935, -0.31328079104423523, -0.1879405975341797, -0.47964391112327576, -0.45818182826042175, -0.2114003598690033]}, {'custom_id': '32771517-866e-4351-ac80-908f334af668', 'collection_id': UUID('8630a875-4825-4716-a847-24e438aeea8f'), 'document': 'Sci-Fi A Astounding  ... (16202 characters truncated) ...  -0.3945794403553009, 0.10970930010080338, -0.5898459553718567, -0.17825689911842346, -0.16454513370990753, -0.5744875073432922, -0.2275550365447998]}, {'custom_id': '2c41e565-4ce8-462f-bdce-2b7fee39ecba', 'collection_id': UUID('8630a875-4825-4716-a847-24e438aeea8f'), 'document': 'New A Fanciful Drama ... (16137 characters truncated) ... 3, -0.9845072627067566, 0.18495860695838928, -0.8571187853813171, -0.6637704968452454, 0.0779011994600296, -0.2560376822948456, -0.28279948234558105]}, {'custom_id': '71a6a727-c042-412b-a29f-8c433bf0964c', 'collection_id': UUID('8630a875-4825-4716-a847-24e438aeea8f'), 'document': 'Travel A Lacklusture ... (16215 characters truncated) ... 4, -1.007824420928955, 1.166902780532837, 0.0627884492278099, -0.013866638764739037, -0.11023014783859253, -0.3838123679161072, -0.24233466386795044]}, {'custom_id': '4649e251-d9d3-45ec-96cf-33734684c523', 'collection_id': UUID('8630a875-4825-4716-a847-24e438aeea8f'), 'document': 'Action A Thrilling E ... (16182 characters truncated) ... 7, -0.1970272660255432, 0.6389806270599365, -0.6275649666786194, -0.5468069911003113, -0.3771713972091675, -0.6035029888153076, -0.08316399902105331]}, {'custom_id': '55df60d2-abc6-47fc-96c4-b91a2dab8127', 'collection_id': UUID('8630a875-4825-4716-a847-24e438aeea8f'), 'document': 'Animation A Stunning ... (16121 characters truncated) ... -0.5860613584518433, 0.44731563329696655, -1.5214289426803589, 0.07690279185771942, -0.09485344588756561, -0.4343041479587555, -0.024389641359448433]}, {'custom_id': '3db72466-c75f-4738-8867-d2711ba18c81', 'collection_id': UUID('8630a875-4825-4716-a847-24e438aeea8f'), 'document': 'Sports A Boring Dram ... (16124 characters truncated) ... 6, -0.9988872408866882, 0.3477926254272461, 0.09638892859220505, -0.1355268508195877, -0.04668763652443886, -0.05341317877173424, 0.1950971633195877]}, {'custom_id': 'ab9247f2-41ef-4e44-9779-9734aa2a6ffa', 'collection_id': UUID('8630a875-4825-4716-a847-24e438aeea8f'), 'document': 'Children A Touching  ... (16112 characters truncated) ... 2627, -0.2874174118041992, 0.9372746348381042, 0.4156579077243805, -0.582218587398529, -0.3100808262825012, -0.9243355989456177, -0.2686498761177063]}, {'custom_id': '91905012-46eb-4c55-833a-850214e4f96d', 'collection_id': UUID('8630a875-4825-4716-a847-24e438aeea8f'), 'document': 'Games A Emotional Di ... (16147 characters truncated) ... 9, -0.8552154302597046, 0.1814843863248825, -0.32504281401634216, 0.1646391749382019, -0.2000177949666977, -0.10393783450126648, -0.3743874430656433]}, {'custom_id': 'd3c50cd2-e26b-435f-b7e7-87b25b3b0d1d', 'collection_id': UUID('8630a875-4825-4716-a847-24e438aeea8f'), 'document': 'New A Amazing Charac ... (16152 characters truncated) ... , -0.5372689962387085, 0.6800116300582886, -0.5159586668014526, -0.13650162518024445, -0.3716573715209961, -0.5471046566963196, -0.03387787193059921]}, {'custom_id': '6e9c3496-45bc-4ded-a26a-e7e7b2773792', 'collection_id': UUID('8630a875-4825-4716-a847-24e438aeea8f'), 'document': 'Music A Intrepid Yar ... (16182 characters truncated) ... , -0.15068493783473969, 0.08823111653327942, -0.5750895738601685, -1.0170903205871582, -0.6861138343811035, -0.5842714905738831, -0.1793292909860611]}, {'custom_id': '97c7227a-e9f3-4ce0-a866-de26f46a5dbd', 'collection_id': UUID('8630a875-4825-4716-a847-24e438aeea8f'), 'document': 'Horror A Unbelieveab ... (16146 characters truncated) ... 6, -0.15893657505512238, 0.7109154462814331, -0.8915956616401672, -0.3263874053955078, 0.16115398705005646, -0.5252504944801331, -0.4113180637359619]}, {'custom_id': '6ad71f0e-da9c-4946-8f62-bd78dbf827cf', 'collection_id': UUID('8630a875-4825-4716-a847-24e438aeea8f'), 'document': 'Drama A Taut Documen ... (16186 characters truncated) ... 623, -0.8998575806617737, 0.34287160634994507, -0.43736532330513, -0.3485333323478699, -0.1376795619726181, 0.05592840537428856, -0.6889978051185608]}, {'custom_id': '929e673c-0c8b-4a2a-af1e-f9458ff4d720', 'collection_id': UUID('8630a875-4825-4716-a847-24e438aeea8f'), 'document': 'Sci-Fi A Taut Epistl ... (16213 characters truncated) ... 55, -0.6417955160140991, 0.552651047706604, -0.9693570733070374, -0.807576596736908, 0.11851727962493896, 0.19425666332244873, 0.0014947764575481415]}, {'custom_id': 'ab3396a5-e1f7-48b1-bb93-ae4317dce36e', 'collection_id': UUID('8630a875-4825-4716-a847-24e438aeea8f'), 'document': 'Documentary A Fast-P ... (16149 characters truncated) ... 594, -0.548321008682251, 0.7735059857368469, -0.5918561220169067, -0.1303405910730362, -0.5902801752090454, -0.6227869987487793, -0.7850867509841919]}, {'custom_id': 'fab0dc8d-97d8-4e1d-b8ce-29991fd2a4de', 'collection_id': UUID('8630a875-4825-4716-a847-24e438aeea8f'), 'document': 'Documentary A Amazin ... (16202 characters truncated) ... , -0.3406387269496918, 0.2532801926136017, -0.7280721068382263, -0.39085111021995544, 0.055550139397382736, 0.07011838257312775, -0.5550042390823364]}, {'custom_id': '614cd187-4c48-446f-ab53-6ad5d858950f', 'collection_id': UUID('8630a875-4825-4716-a847-24e438aeea8f'), 'document': 'Action A Fanciful Re ... (16100 characters truncated) ... 7, -1.1638100147247314, 0.29979902505874634, 0.05972055718302727, -0.3773787021636963, -0.646536111831665, -0.6874614357948303, -0.31155917048454285]}, {'custom_id': 'c5d5e588-1fdf-4168-b3f1-44a745e5b6e4', 'collection_id': UUID('8630a875-4825-4716-a847-24e438aeea8f'), 'document': 'Children A Fateful D ... (16173 characters truncated) ...  -0.06919004023075104, 0.6256906390190125, -0.44661781191825867, -0.8371509909629822, -0.4768286347389221, -0.9197364449501038, -0.23053191602230072]}, {'custom_id': '38aa0051-ab5b-475d-b931-411b2cd88632', 'collection_id': UUID('8630a875-4825-4716-a847-24e438aeea8f'), 'document': 'Foreign A Touching D ... (16177 characters truncated) ... , -0.5689898729324341, 0.6382453441619873, -0.30323073267936707, -0.3063649833202362, -0.21822935342788696, -0.6839051842689514, -0.1946011483669281]}, {'custom_id': 'f5538316-efee-4f9e-80b0-e4b0c8f25674', 'collection_id': UUID('8630a875-4825-4716-a847-24e438aeea8f'), 'document': 'Sci-Fi A Fanciful Ch ... (16169 characters truncated) ... .6960076689720154, 0.5727929472923279, -0.48547428846359253, -0.424713671207428, -0.42147016525268555, -0.12567096948623657, -0.00024073805252555758]}, {'custom_id': '79113347-3970-489c-af22-afd7e53e0458', 'collection_id': UUID('8630a875-4825-4716-a847-24e438aeea8f'), 'document': 'Travel A Thrilling D ... (16126 characters truncated) ... 4, -0.350344181060791, 0.4361867308616638, -0.2327394038438797, -0.48241162300109863, -0.48589250445365906, -0.44962194561958313, -0.940514087677002]}, {'custom_id': 'dddaa3c3-d85c-47b3-a7aa-b8a3faf43af4', 'collection_id': UUID('8630a875-4825-4716-a847-24e438aeea8f'), 'document': 'Comedy A Astounding  ... (16147 characters truncated) ... 0.48659399151802063, 0.00031513473368249834, -0.45378971099853516, -0.742638349533081, 0.10254599153995514, -0.548586905002594, -0.04385567083954811]}, {'custom_id': '4093287e-9d70-4bf8-867d-0f3c684a7c94', 'collection_id': UUID('8630a875-4825-4716-a847-24e438aeea8f'), 'document': 'New A Epic Story of  ... (16159 characters truncated) ... 75, -0.5008288621902466, 0.4685951769351959, -0.9059097766876221, 0.22760148346424103, -0.13094975054264069, -0.6849765181541443, 0.4173014163970947]}, {'custom_id': '2abdaace-b27b-43f8-a60d-7b45daa818d8', 'collection_id': UUID('8630a875-4825-4716-a847-24e438aeea8f'), 'document': 'Games A Fast-Paced S ... (16108 characters truncated) ...  -1.0547415018081665, 1.1938395500183105, 0.10592087358236313, -0.0002994842652697116, -0.4305950999259949, -0.05061512812972069, 0.9250975847244263]}, {'custom_id': '2413bd28-a314-4142-ae8c-e9fb0945d5e3', 'collection_id': UUID('8630a875-4825-4716-a847-24e438aeea8f'), 'document': 'New A Intrepid Chara ... (16130 characters truncated) ... -1.0217679738998413, 0.5002304315567017, -0.18373645842075348, -0.18612007796764374, -0.8871077299118042, -0.16584272682666779, -0.09746595472097397]}, {'custom_id': '385a73c1-54ef-4d68-b14b-4c9184c0b441', 'collection_id': UUID('8630a875-4825-4716-a847-24e438aeea8f'), 'document': 'Music A Brilliant Re ... (16127 characters truncated) ... 56, -0.3745763301849365, 0.025638535618782043, -0.4305115342140198, -0.445514053106308, -0.14807358384132385, -0.795091986656189, 0.4576713442802429]}, {'custom_id': 'd151e720-e9f6-484a-bf1a-d72ded53d3ba', 'collection_id': UUID('8630a875-4825-4716-a847-24e438aeea8f'), 'document': 'New A Action-Packed  ... (16161 characters truncated) ... 9, -0.43083643913269043, 0.5835022926330566, -0.65301513671875, -0.20851607620716095, -0.15992720425128937, -0.3617013692855835, 0.36032095551490784]}, {'custom_id': '5716133f-c600-43f1-9f3f-5b62b4cfa2ce', 'collection_id': UUID('8630a875-4825-4716-a847-24e438aeea8f'), 'document': 'Comedy A Lacklusture ... (16194 characters truncated) ... , -0.16411761939525604, 0.3643024265766144, -0.7121695280075073, -1.0432957410812378, 0.37501010298728943, -0.27889445424079895, -0.7116703987121582]}, {'custom_id': '5d0e8543-5d27-41a8-949d-c1b6d7998bd3', 'collection_id': UUID('8630a875-4825-4716-a847-24e438aeea8f'), 'document': 'Comedy A Unbelieveab ... (16115 characters truncated) ... 24, -0.5828019976615906, 1.206753134727478, -0.6862775683403015, -0.7556023001670837, -0.01967603899538517, -0.49896514415740967, -0.405818372964859]}, {'custom_id': '327bc53a-529c-4cee-a419-9c893994c946', 'collection_id': UUID('8630a875-4825-4716-a847-24e438aeea8f'), 'document': 'Sports A Insightful  ... (16137 characters truncated) ... 538, -0.8205884099006653, 1.0385206937789917, -0.19183029234409332, -0.6923360824584961, -0.3178705871105194, 0.0739884003996849, 0.0467977412045002]}, {'custom_id': '0197690b-1eaf-47a4-a195-a1ff1b8570ef', 'collection_id': UUID('8630a875-4825-4716-a847-24e438aeea8f'), 'document': 'Games A Lacklusture  ... (16121 characters truncated) ...  -0.4998800754547119, 0.5184689164161682, 0.08047128468751907, -0.10146250575780869, -0.09277909994125366, -0.05657201632857323, 0.05333414301276207]}, {'custom_id': 'af01560c-907e-41f5-b0c2-130563422aeb', 'collection_id': UUID('8630a875-4825-4716-a847-24e438aeea8f'), 'document': 'Drama A Lacklusture  ... (16089 characters truncated) ... 99, -0.5039793848991394, 0.3780513405799866, -0.7198715806007385, -0.6635948419570923, -0.32439666986465454, -0.123939648270607, -1.2557592391967773]}, {'custom_id': 'fe61c18a-0347-4795-8da5-78690dc13694', 'collection_id': UUID('8630a875-4825-4716-a847-24e438aeea8f'), 'document': 'Documentary A Boring ... (16109 characters truncated) ... , -0.7301149368286133, 0.1467471718788147, -0.7055118680000305, -0.49284929037094116, 0.024455739185214043, 0.03453740105032921, -0.8990854024887085]}, {'custom_id': '78f3ccb8-303f-4da1-b9ac-1e40b46f041b', 'collection_id': UUID('8630a875-4825-4716-a847-24e438aeea8f'), 'document': 'Drama A Awe-Inspirin ... (16228 characters truncated) ... , -0.7918989658355713, 0.44542181491851807, -0.4720901548862457, -0.531895637512207, -0.3367128372192383, -0.32082077860832214, -0.07515272498130798]}, {'custom_id': '04f98552-62b7-4d3d-8dee-463cfc911694', 'collection_id': UUID('8630a875-4825-4716-a847-24e438aeea8f'), 'document': 'Documentary A Emotio ... (16177 characters truncated) ... 65, -0.3307982385158539, 0.419761061668396, -0.15287509560585022, 0.04070001468062401, 0.18483564257621765, -0.6154768466949463, -0.3717781901359558]}, {'custom_id': '81f344d0-a159-4244-bd89-83970a34684e', 'collection_id': UUID('8630a875-4825-4716-a847-24e438aeea8f'), 'document': 'Family A Fateful Tal ... (16135 characters truncated) ... , -0.5127400755882263, 0.5124931931495667, -0.04478931427001953, -0.0693730041384697, -0.4156781733036041, 0.06826983392238617, -0.25100988149642944]}, {'custom_id': 'df4b706a-ef05-4fd6-9a0b-c72f64c5213e', 'collection_id': UUID('8630a875-4825-4716-a847-24e438aeea8f'), 'document': 'Foreign A Thoughtful ... (16153 characters truncated) ... 03, -0.6601449251174927, 0.6169634461402893, -0.7816934585571289, -0.3537786304950714, -0.5687267184257507, -0.44887611269950867, -0.913958728313446]}, {'custom_id': 'c87b32b9-eb35-4884-878e-e2765e5ff42f', 'collection_id': UUID('8630a875-4825-4716-a847-24e438aeea8f'), 'document': 'New A Amazing Panora ... (16119 characters truncated) ... 7, -0.27958497405052185, 1.0348272323608398, -0.6558103561401367, -0.5474213361740112, -0.3956436812877655, -0.5042394399642944, -0.3502907156944275]}, {'custom_id': 'c7e51458-2d64-4c1d-89de-544ea4a632fa', 'collection_id': UUID('8630a875-4825-4716-a847-24e438aeea8f'), 'document': 'Games A Awe-Inspirin ... (16162 characters truncated) ... 6, -0.7287778854370117, 0.717501163482666, -0.23292584717273712, 0.0007200432009994984, 0.075332410633564, -0.21387538313865662, 0.47234493494033813]}, {'custom_id': '1cc1d3d0-90e4-4f57-b175-952689af8797', 'collection_id': UUID('8630a875-4825-4716-a847-24e438aeea8f'), 'document': 'Classics A Boring Ta ... (16121 characters truncated) ... , -1.174810528755188, 0.6551880240440369, -0.5118731260299683, -0.40730616450309753, -0.031150169670581818, -0.6244032979011536, -0.7512723803520203]}, {'custom_id': '78104b18-0689-4971-9832-b7b21331af94', 'collection_id': UUID('8630a875-4825-4716-a847-24e438aeea8f'), 'document': 'Classics A Epic Tale ... (16156 characters truncated) ... 651, -1.2985622882843018, 0.878441333770752, -0.5981825590133667, -0.6450183987617493, -0.3622388541698456, -1.1276804208755493, 0.15618939697742462]}, {'custom_id': 'fd0e3f4f-859c-4209-9fb0-ac9da6acfeca', 'collection_id': UUID('8630a875-4825-4716-a847-24e438aeea8f'), 'document': 'Documentary A Intrep ... (16128 characters truncated) ... 2, -0.5021452307701111, 0.4532768428325653, -0.8261772394180298, -0.5053160190582275, -0.6523103713989258, -0.37395501136779785, -0.7329880595207214]}, {'custom_id': '745f222b-3759-423e-91d1-3c56a0ab2ac5', 'collection_id': UUID('8630a875-4825-4716-a847-24e438aeea8f'), 'document': 'Animation A Intrepid ... (16220 characters truncated) ... 12, -0.5762559175491333, 0.32953229546546936, -1.2045706510543823, -0.7056612372398376, -0.5422936081886292, 0.5242465734481812, 0.28277650475502014]}, {'custom_id': '1f789359-3567-4dcd-a3b5-f5387b25e13b', 'collection_id': UUID('8630a875-4825-4716-a847-24e438aeea8f'), 'document': 'New A Beautiful Saga ... (16097 characters truncated) ... -1.1489486694335938, 0.30331745743751526, -0.7274278998374939, -0.631691575050354, 0.009370648302137852, -0.013453060761094093, -0.09908497333526611]}, {'custom_id': 'ea7a8dcd-0fd3-44d4-91dc-9a50b630ce45', 'collection_id': UUID('8630a875-4825-4716-a847-24e438aeea8f'), 'document': 'Children A Insightfu ... (16156 characters truncated) ... 28, 0.02098505012691021, 0.9959741830825806, -0.8419631719589233, -0.18708357214927673, -0.7872443199157715, -1.0824774503707886, -1.161344289779663]}, {'custom_id': 'be1936a3-468c-42ac-9a5f-07570fbd0ed4', 'collection_id': UUID('8630a875-4825-4716-a847-24e438aeea8f'), 'document': 'Games A Insightful D ... (16164 characters truncated) ... , -0.9126704335212708, 0.5520228743553162, 0.08574212342500687, -0.2326977401971817, 0.07324757426977158, -0.3117780089378357, -0.013560575433075428]}, {'custom_id': '98c93193-7ba9-4a29-8321-db946efb270f', 'collection_id': UUID('8630a875-4825-4716-a847-24e438aeea8f'), 'document': 'Foreign A Boring Dra ... (16203 characters truncated) ... -0.7610733509063721, 0.48512837290763855, -0.6608226895332336, -0.43228474259376526, -0.06118544936180115, -0.32686296105384827, -0.7108046412467957]}, {'custom_id': '711c2adb-4ebb-4c48-a118-3a4865371d86', 'collection_id': UUID('8630a875-4825-4716-a847-24e438aeea8f'), 'document': 'Drama A Action-Packe ... (16206 characters truncated) ...  -0.5639653205871582, 0.41920965909957886, -0.8520852327346802, -0.43479421734809875, -0.5051019787788391, -0.36844491958618164, -0.7699092626571655]}, {'custom_id': 'e90e5310-38f7-4891-a203-794fe23c13ab', 'collection_id': UUID('8630a875-4825-4716-a847-24e438aeea8f'), 'document': 'Children A Astoundin ... (16158 characters truncated) ... , -0.026524638757109642, 0.8154972791671753, -0.6539945006370544, -0.42152294516563416, 0.34840452671051025, -1.277261734008789, -0.3006468415260315]}, {'custom_id': '60a894d5-f4d8-4746-bf2b-8cb66cc9d8ae', 'collection_id': UUID('8630a875-4825-4716-a847-24e438aeea8f'), 'document': 'Documentary A Taut R ... (16132 characters truncated) ... 9, -0.7735579013824463, 0.6275734305381775, -0.620858907699585, -0.5290959477424622, -0.011223088018596172, 0.035038672387599945, -0.502480149269104]}, {'custom_id': 'db88fe56-7cc4-4494-b79a-382c61022e3d', 'collection_id': UUID('8630a875-4825-4716-a847-24e438aeea8f'), 'document': 'Foreign A Awe-Inspir ... (16153 characters truncated) ... , -1.0379369258880615, 0.8384678959846497, -0.07059168815612793, -0.47047990560531616, -0.3308541178703308, -0.5827195048332214, -0.7382906079292297]}, {'custom_id': '49757986-ae93-4c9f-ba66-6a5355e34e4f', 'collection_id': UUID('8630a875-4825-4716-a847-24e438aeea8f'), 'document': 'Classics A Fanciful  ... (16184 characters truncated) ... , -1.4277265071868896, 0.7031378746032715, -0.27364012598991394, -0.38072049617767334, 0.09312693774700165, -0.4298875331878662, 0.03511602431535721]}, {'custom_id': '647778e3-a0b1-4bab-b570-935bb9cd24a3', 'collection_id': UUID('8630a875-4825-4716-a847-24e438aeea8f'), 'document': 'Animation A Fast-Pac ... (16131 characters truncated) ... 2, -0.5121709704399109, 0.6118308305740356, -0.9622933268547058, -0.1496644914150238, -0.27339354157447815, -0.5774263739585876, 0.49044176936149597]}, {'custom_id': 'a0f11a63-c1d0-4758-9c2a-c2793bd99128', 'collection_id': UUID('8630a875-4825-4716-a847-24e438aeea8f'), 'document': 'Action A Unbelieveab ... (16186 characters truncated) ...  -0.4064026176929474, 0.36860719323158264, -0.5908743143081665, 0.11063067615032196, -0.36762920022010803, -0.3267821967601776, -0.35919874906539917]}, {'custom_id': 'f8be6673-7bfa-4921-8753-da87917362f7', 'collection_id': UUID('8630a875-4825-4716-a847-24e438aeea8f'), 'document': 'Horror A Emotional Y ... (16173 characters truncated) ... , -0.30511653423309326, 0.5287641286849976, -0.8420085310935974, -0.3655991852283478, -0.03776642307639122, -1.0410454273223877, -0.3357735574245453]}, {'custom_id': '37366485-33af-43f9-a3e1-3cfc0802a28f', 'collection_id': UUID('8630a875-4825-4716-a847-24e438aeea8f'), 'document': 'Documentary A Action ... (16239 characters truncated) ... -0.6186897158622742, -0.043892744928598404, -0.8511662483215332, -0.34792786836624146, -0.3223663866519928, -0.9823733568191528, -0.7247345447540283]}, {'custom_id': 'ac4731e8-1708-4bf6-8485-bf7cd5a7b975', 'collection_id': UUID('8630a875-4825-4716-a847-24e438aeea8f'), 'document': 'Sci-Fi A Fast-Paced  ... (16242 characters truncated) ... 6, -0.6362643837928772, 0.5880357027053833, -0.3582088053226471, -0.2670601010322571, -0.4215051233768463, -0.21795471012592316, 0.09215612709522247]}, {'custom_id': '437025be-d2a5-412f-b9b6-efde476332b0', 'collection_id': UUID('8630a875-4825-4716-a847-24e438aeea8f'), 'document': 'Action A Fanciful St ... (16145 characters truncated) ... 56, -0.7196324467658997, 0.5264948010444641, -0.994718611240387, -0.2772187888622284, 0.05024079978466034, -0.6782781481742859, -0.02951700985431671]}, {'custom_id': 'deb8ff48-6cda-4abc-b47e-be6242584de4', 'collection_id': UUID('8630a875-4825-4716-a847-24e438aeea8f'), 'document': 'Drama A Intrepid Dra ... (16204 characters truncated) ... 1934, -0.9545798301696777, 0.66546630859375, -0.6707396507263184, -0.1983739286661148, -0.5321412682533264, -0.4846193492412567, -0.4210190773010254]}, {'custom_id': '199c1690-e385-4582-8257-e3b0fb8bbe29', 'collection_id': UUID('8630a875-4825-4716-a847-24e438aeea8f'), 'document': 'Classics A Lacklustu ... (16168 characters truncated) ... 13, -1.2289705276489258, 0.7744988799095154, -0.5902799963951111, -0.4016505777835846, 0.01372164860367775, -0.9507468342781067, -1.1439180374145508]}, {'custom_id': 'b89a68e6-bb4e-4d3b-a9c7-78c75c1e4a97', 'collection_id': UUID('8630a875-4825-4716-a847-24e438aeea8f'), 'document': 'Foreign A Intrepid S ... (16146 characters truncated) ... -0.5069226026535034, 0.3642725348472595, -0.2957497835159302, -0.22132915258407593, -0.46303603053092957, -0.12672993540763855, -0.18381521105766296]}, {'custom_id': '21752004-8755-4271-a737-f7b4ea0e144c', 'collection_id': UUID('8630a875-4825-4716-a847-24e438aeea8f'), 'document': 'Sci-Fi A Intrepid St ... (16089 characters truncated) ... 45, -0.7588270902633667, 0.8035519123077393, -0.8200490474700928, -0.03500400483608246, 0.07915396243333817, -0.28643494844436646, 0.599412739276886]}, {'custom_id': '8e6a4f41-10f8-428b-b04b-641d31d82eda', 'collection_id': UUID('8630a875-4825-4716-a847-24e438aeea8f'), 'document': 'Documentary A Awe-In ... (16159 characters truncated) ... 1, -0.24595727026462555, 0.296213299036026, -0.8440771698951721, -0.47275111079216003, -0.15154245495796204, 0.2354779988527298, -0.5463891625404358]}, {'custom_id': '2946d61b-adcc-45d7-9d6f-d6e3f3b981f2', 'collection_id': UUID('8630a875-4825-4716-a847-24e438aeea8f'), 'document': 'New A Beautiful Stor ... (16141 characters truncated) ... 5, -0.5583206415176392, 0.5340529680252075, -0.7807484865188599, -0.4115903675556183, -0.02134745940566063, -0.5235626101493835, 0.23183391988277435]}, {'custom_id': '415704e7-02e9-4ff7-9234-80387fe66545', 'collection_id': UUID('8630a875-4825-4716-a847-24e438aeea8f'), 'document': 'Family A Brilliant P ... (16118 characters truncated) ... 76, 0.3039851784706116, 0.6414157152175903, -0.7014738321304321, -0.3289273977279663, -0.31163185834884644, -0.7635091543197632, -1.0666979551315308]}, {'custom_id': '38beaa63-7c4f-4d77-84a1-770f2b44bc6d', 'collection_id': UUID('8630a875-4825-4716-a847-24e438aeea8f'), 'document': 'Games A Touching Sag ... (16116 characters truncated) ... 172, -0.9286369681358337, 0.9044758677482605, -0.3066502809524536, -0.21725137531757355, 0.09601645916700363, 0.5907970666885376, 0.5467942953109741]}, {'custom_id': '509d0623-bcd4-4340-aecd-171baf399feb', 'collection_id': UUID('8630a875-4825-4716-a847-24e438aeea8f'), 'document': 'Travel A Astounding  ... (16155 characters truncated) ... 3223, -1.016136646270752, 0.9343587756156921, 0.283767431974411, -0.4563280940055847, -0.48484495282173157, -0.06853723526000977, 0.5316522121429443]}, {'custom_id': '7c2d5442-430d-4ff4-8347-0a9706f21d93', 'collection_id': UUID('8630a875-4825-4716-a847-24e438aeea8f'), 'document': 'Comedy A Unbelieveab ... (16186 characters truncated) ... 5, -0.7261790633201599, 0.5355233550071716, -0.6269851326942444, -0.9498871564865112, -0.41777822375297546, -0.06456636637449265, 0.5339457392692566]}, {'custom_id': '927cce15-dd4b-4104-a60a-7947e2637388', 'collection_id': UUID('8630a875-4825-4716-a847-24e438aeea8f'), 'document': 'Drama A Awe-Inspirin ... (16134 characters truncated) ... 2, -0.9311028718948364, 0.36088308691978455, -0.6440061926841736, -0.3228186070919037, -0.163341224193573, -0.6571828126907349, -0.05822240933775902]}, {'custom_id': 'f138bf6b-8b6a-41aa-9b57-d09ff77c16aa', 'collection_id': UUID('8630a875-4825-4716-a847-24e438aeea8f'), 'document': 'Music A Lacklusture  ... (16219 characters truncated) ... 085, -0.45666831731796265, 0.15968266129493713, -0.21002693474292755, -0.708528459072113, -0.10551087558269501, -0.84339839220047, 0.235140860080719]}, {'custom_id': 'df590bb7-4575-4a59-a8ba-e5c80f07e3a5', 'collection_id': UUID('8630a875-4825-4716-a847-24e438aeea8f'), 'document': 'Travel A Fast-Paced  ... (16178 characters truncated) ... , -1.3547308444976807, 1.0757205486297607, -0.44731083512306213, -0.6260858178138733, -0.7149868607521057, -0.16173359751701355, 0.14256572723388672]}, {'custom_id': '5dc717ed-fc52-448b-abb3-64610a754bfa', 'collection_id': UUID('8630a875-4825-4716-a847-24e438aeea8f'), 'document': 'Action A Insightful  ... (16143 characters truncated) ... , 0.15739452838897705, 0.23736509680747986, -0.7803618907928467, -0.42141076922416687, -0.4460495412349701, -0.3821393549442291, -1.2480913400650024]}, {'custom_id': '66d7d266-ae6f-4834-adb0-f04aac150160', 'collection_id': UUID('8630a875-4825-4716-a847-24e438aeea8f'), 'document': 'Music A Unbelieveabl ... (16181 characters truncated) ...  0.08108439296483994, 0.45500949025154114, -1.0557961463928223, -0.9304932355880737, -0.40549710392951965, -0.6819401979446411, -0.25072887539863586]}, {'custom_id': '435b195d-75e9-486b-8265-e7e7b058e9a8', 'collection_id': UUID('8630a875-4825-4716-a847-24e438aeea8f'), 'document': 'Foreign A Boring Pan ... (16129 characters truncated) ...  -0.8464277386665344, 0.14716006815433502, -0.3278060257434845, -0.3766953647136688, -0.08960846811532974, -0.20989885926246643, -1.0070586204528809]}, {'custom_id': 'e2557947-89e5-4114-8de6-b3eccd1b6a42', 'collection_id': UUID('8630a875-4825-4716-a847-24e438aeea8f'), 'document': 'Sci-Fi A Awe-Inspiri ... (16151 characters truncated) ... 3, -0.4468301832675934, 0.33170852065086365, -0.8350133299827576, -0.624078094959259, -0.21395806968212128, -0.2754567861557007, 0.17288552224636078]}, {'custom_id': '94d1230a-7afb-48ad-9879-12427b6c9a2d', 'collection_id': UUID('8630a875-4825-4716-a847-24e438aeea8f'), 'document': 'Animation A Brillian ... (16084 characters truncated) ... 547, -0.5838485956192017, 0.732029139995575, -1.1348220109939575, -0.6040391325950623, -0.21345271170139313, -0.766634464263916, 0.09681162238121033]}, {'custom_id': '8a75cac0-db5a-41b1-bc77-36708eece94f', 'collection_id': UUID('8630a875-4825-4716-a847-24e438aeea8f'), 'document': 'Music A Action-Packe ... (16165 characters truncated) ... 8, -0.4720873534679413, 0.3148763179779053, -0.20006611943244934, -0.5415537357330322, -0.4527261257171631, -0.7832760214805603, 0.13717077672481537]}, {'custom_id': '265cbb0e-2eaa-41b1-bc1b-2e60a60af896', 'collection_id': UUID('8630a875-4825-4716-a847-24e438aeea8f'), 'document': 'Travel A Action-Pack ... (16237 characters truncated) ... , -0.9583561420440674, 0.7036429643630981, -0.4855964779853821, -0.780366063117981, -0.2864301800727844, -0.13544605672359467, -0.004896515980362892]}, {'custom_id': '8395c578-1ed1-4137-8cd9-28d62235a0d4', 'collection_id': UUID('8630a875-4825-4716-a847-24e438aeea8f'), 'document': 'Travel A Stunning Ep ... (16160 characters truncated) ... 8, -0.8989526033401489, 1.4038312435150146, -0.11007973551750183, -0.627921998500824, -0.39603516459465027, -0.2492809146642685, -0.5113921165466309]}, {'custom_id': '3e347b33-8c9e-46af-af77-cdaf703ae751', 'collection_id': UUID('8630a875-4825-4716-a847-24e438aeea8f'), 'document': 'Horror A Unbelieveab ... (16222 characters truncated) ... -0.3429003953933716, 0.16687698662281036, -1.2106400728225708, -0.48809438943862915, 0.11088383197784424, -0.11199473589658737, 0.044449131935834885]}, {'custom_id': 'bec6e55d-e99d-4ac1-aed5-81e462d656dd', 'collection_id': UUID('8630a875-4825-4716-a847-24e438aeea8f'), 'document': 'Action A Thrilling D ... (16140 characters truncated) ... 0821, -0.5281664729118347, 0.29033163189888, -0.9563619494438171, 0.0172603577375412, -0.01788550242781639, -0.8110284209251404, -0.7749525308609009]}, {'custom_id': '4d4ecdf1-68cc-4035-af31-bb6b0f1e0f4b', 'collection_id': UUID('8630a875-4825-4716-a847-24e438aeea8f'), 'document': 'Documentary A Intrep ... (16165 characters truncated) ... 7, -0.6611380577087402, 0.46212106943130493, -0.7344872355461121, -0.187468022108078, -0.07235438376665115, -0.3764467239379883, -0.5636324882507324]}, {'custom_id': '69a8da2e-702c-47a3-a5a2-f945c7432e26', 'collection_id': UUID('8630a875-4825-4716-a847-24e438aeea8f'), 'document': 'Children A Emotional ... (16228 characters truncated) ... , 0.18357698619365692, 0.6785717010498047, -0.5744820237159729, -0.2791891396045685, -0.015978310257196426, -1.1956562995910645, -0.6687602996826172]}, {'custom_id': 'd168f37e-566d-4d03-8249-28c416d7f9a3', 'collection_id': UUID('8630a875-4825-4716-a847-24e438aeea8f'), 'document': 'New A Awe-Inspiring  ... (16178 characters truncated) ... , -0.38968876004219055, 0.5951754450798035, -0.9366427659988403, -0.5906140804290771, -0.6288713216781616, -0.7616379857063293, -0.30312561988830566]}, {'custom_id': 'bf9bca27-e334-4db7-bc16-a6f9ecf32c86', 'collection_id': UUID('8630a875-4825-4716-a847-24e438aeea8f'), 'document': 'Horror A Amazing Dis ... (16069 characters truncated) ... 0.8285831809043884, 0.22714006900787354, -0.40332406759262085, -0.39569753408432007, -0.1127454936504364, -0.20891675353050232, -0.15945836901664734]}, {'custom_id': 'dcfe1109-97c8-4b0e-8fb7-b5ea44a96994', 'collection_id': UUID('8630a875-4825-4716-a847-24e438aeea8f'), 'document': 'Documentary A Unbeli ... (16174 characters truncated) ... .02855043299496174, 0.051094457507133484, -0.40534645318984985, -0.4678449332714081, -0.26625093817710876, -0.4991419017314911, -0.07638402283191681]}, {'custom_id': '6ed9029b-961a-4e54-a61b-389928484cb2', 'collection_id': UUID('8630a875-4825-4716-a847-24e438aeea8f'), 'document': 'Music A Touching Dra ... (16133 characters truncated) ... 16, -0.353529691696167, 0.6353297829627991, -0.7270715236663818, -0.6865288615226746, -0.43509209156036377, -1.0393692255020142, -0.9506101608276367]}, {'custom_id': '7b203c87-ce1d-488a-80d0-76d9e5581830', 'collection_id': UUID('8630a875-4825-4716-a847-24e438aeea8f'), 'document': 'Horror A Fateful Yar ... (16134 characters truncated) ... , -0.3999103307723999, 0.49397704005241394, -0.9079588055610657, -0.2332722544670105, 0.24185492098331451, -0.5576888918876648, -0.20052453875541687]}, {'custom_id': '56c81ee0-b50c-4740-9758-60dad363d991', 'collection_id': UUID('8630a875-4825-4716-a847-24e438aeea8f'), 'document': 'Children A Fateful R ... (16161 characters truncated) ... 06, -0.1570202112197876, 0.8104086518287659, 0.27584490180015564, -0.7574423551559448, 0.1648215651512146, -1.0433660745620728, -0.30348822474479675]}, {'custom_id': '4cfd7a68-485b-438c-8e8e-b1601cc30dff', 'collection_id': UUID('8630a875-4825-4716-a847-24e438aeea8f'), 'document': 'Comedy A Intrepid Pa ... (16096 characters truncated) ...  -0.2395472526550293, 1.033661127090454, -0.38264816999435425, -0.7603009343147278, -0.024884050711989403, -0.9911868572235107, -0.24199578166007996]}, {'custom_id': 'e112f32b-e519-4598-b92c-b9877eda3771', 'collection_id': UUID('8630a875-4825-4716-a847-24e438aeea8f'), 'document': 'Ely Jared jared.ely@ ... (16090 characters truncated) ... , -0.14395979046821594, 1.0865914821624756, -0.2819667160511017, 0.2985434830188751, -1.1717209815979004, -1.1623077392578125, -0.037823814898729324]}, {'custom_id': '4879de0a-8c98-42ff-a294-b9f4b25926f6', 'collection_id': UUID('8630a875-4825-4716-a847-24e438aeea8f'), 'document': 'Smith Mary mary.smit ... (16128 characters truncated) ...  -0.34453442692756653, 0.30029669404029846, -0.24025891721248627, 0.3431395888328552, -1.0097472667694092, -0.8858707547187805, -0.12800921499729156]}, {'custom_id': '3d15eb2c-9ed9-4589-899d-c55526d71f77', 'collection_id': UUID('8630a875-4825-4716-a847-24e438aeea8f'), 'document': 'Johnson Patricia pat ... (16112 characters truncated) ... 86, -0.5056223273277283, 0.6026653051376343, -0.5825052261352539, 0.21305011212825775, -0.9634068012237549, -0.5752466917037964, -0.5666238069534302]}]]
2025-01-15 13:32:56,962 - ERROR - Error in process_all_data: (builtins.TypeError) Object of type datetime is not JSON serializable
[SQL: INSERT INTO langchain_pg_embedding (collection_id, embedding, document, cmetadata, custom_id, uuid) VALUES (%(collection_id)s::UUID, %(embedding)s, %(document)s, %(cmetadata)s, %(custom_id)s, %(uuid)s::UUID)]
[parameters: [{'custom_id': 'b0a480f1-49a5-4ea4-a9d3-b8c422984349', 'collection_id': UUID('8630a875-4825-4716-a847-24e438aeea8f'), 'document': 'Horror A Thrilling C ... (16091 characters truncated) ... 1, -1.108541488647461, 0.6461762189865112, -0.7078050971031189, -0.5291610956192017, -0.26008665561676025, -0.3297913670539856, -0.21665583550930023]}, {'custom_id': 'ed711eba-7f16-46ea-bda8-77dcec5e8599', 'collection_id': UUID('8630a875-4825-4716-a847-24e438aeea8f'), 'document': 'Comedy A Fast-Paced  ... (16174 characters truncated) ... 94, -0.3137493133544922, 0.6462844610214233, -0.6856353282928467, -0.9244416356086731, -0.2521081864833832, -0.8347794413566589, -0.6189147233963013]}, {'custom_id': '82ef8d3e-dece-4972-b009-e21e5f76fd8b', 'collection_id': UUID('8630a875-4825-4716-a847-24e438aeea8f'), 'document': 'Comedy A Brilliant D ... (16160 characters truncated) ... 26, -0.890547513961792, 0.8487347364425659, -0.5092208385467529, -0.9083120822906494, -0.3316948115825653, -0.29210034012794495, -1.1918901205062866]}, {'custom_id': '857f1869-caba-4b1a-8c11-b8627af53765', 'collection_id': UUID('8630a875-4825-4716-a847-24e438aeea8f'), 'document': 'Drama A Touching Ref ... (16144 characters truncated) ... , -0.8917983174324036, 0.34477174282073975, -0.5784960985183716, -0.2831941246986389, 0.15463346242904663, -0.43259984254837036, 0.03944898396730423]}, {'custom_id': '3992fcf7-8538-41cf-b0bf-cb992c1cc05b', 'collection_id': UUID('8630a875-4825-4716-a847-24e438aeea8f'), 'document': 'Foreign A Unbelievea ... (16179 characters truncated) ...  -0.42395758628845215, 0.6758702397346497, -0.3698291480541229, -0.03823660686612129, -0.3906066417694092, -0.5451481938362122, -0.31368738412857056]}, {'custom_id': '89b5f2d5-a477-41a4-9638-b3c1318eed15', 'collection_id': UUID('8630a875-4825-4716-a847-24e438aeea8f'), 'document': 'Horror A Emotional S ... (16162 characters truncated) ... 02, -0.27600225806236267, -0.425192266702652, -0.86858731508255, -0.2989986538887024, -0.19159135222434998, -0.2429361194372177, -0.2842072546482086]}, {'custom_id': '6a083500-cf2e-490d-afad-caf512360dff', 'collection_id': UUID('8630a875-4825-4716-a847-24e438aeea8f'), 'document': 'Drama A Boring Story ... (16136 characters truncated) ... , -1.2972564697265625, 0.4281565248966217, -0.7111936807632446, -0.4880121350288391, -0.23288008570671082, -0.08834026753902435, -1.2153654098510742]}, {'custom_id': '05ee6440-3ed2-465b-a2e1-ca1b19d94fab', 'collection_id': UUID('8630a875-4825-4716-a847-24e438aeea8f'), 'document': 'Action A Fanciful Ch ... (16139 characters truncated) ... -0.46750321984291077, 0.3397645354270935, -0.31328079104423523, -0.1879405975341797, -0.47964391112327576, -0.45818182826042175, -0.2114003598690033]}, {'custom_id': '32771517-866e-4351-ac80-908f334af668', 'collection_id': UUID('8630a875-4825-4716-a847-24e438aeea8f'), 'document': 'Sci-Fi A Astounding  ... (16202 characters truncated) ...  -0.3945794403553009, 0.10970930010080338, -0.5898459553718567, -0.17825689911842346, -0.16454513370990753, -0.5744875073432922, -0.2275550365447998]}, {'custom_id': '2c41e565-4ce8-462f-bdce-2b7fee39ecba', 'collection_id': UUID('8630a875-4825-4716-a847-24e438aeea8f'), 'document': 'New A Fanciful Drama ... (16137 characters truncated) ... 3, -0.9845072627067566, 0.18495860695838928, -0.8571187853813171, -0.6637704968452454, 0.0779011994600296, -0.2560376822948456, -0.28279948234558105]}, {'custom_id': '71a6a727-c042-412b-a29f-8c433bf0964c', 'collection_id': UUID('8630a875-4825-4716-a847-24e438aeea8f'), 'document': 'Travel A Lacklusture ... (16215 characters truncated) ... 4, -1.007824420928955, 1.166902780532837, 0.0627884492278099, -0.013866638764739037, -0.11023014783859253, -0.3838123679161072, -0.24233466386795044]}, {'custom_id': '4649e251-d9d3-45ec-96cf-33734684c523', 'collection_id': UUID('8630a875-4825-4716-a847-24e438aeea8f'), 'document': 'Action A Thrilling E ... (16182 characters truncated) ... 7, -0.1970272660255432, 0.6389806270599365, -0.6275649666786194, -0.5468069911003113, -0.3771713972091675, -0.6035029888153076, -0.08316399902105331]}, {'custom_id': '55df60d2-abc6-47fc-96c4-b91a2dab8127', 'collection_id': UUID('8630a875-4825-4716-a847-24e438aeea8f'), 'document': 'Animation A Stunning ... (16121 characters truncated) ... -0.5860613584518433, 0.44731563329696655, -1.5214289426803589, 0.07690279185771942, -0.09485344588756561, -0.4343041479587555, -0.024389641359448433]}, {'custom_id': '3db72466-c75f-4738-8867-d2711ba18c81', 'collection_id': UUID('8630a875-4825-4716-a847-24e438aeea8f'), 'document': 'Sports A Boring Dram ... (16124 characters truncated) ... 6, -0.9988872408866882, 0.3477926254272461, 0.09638892859220505, -0.1355268508195877, -0.04668763652443886, -0.05341317877173424, 0.1950971633195877]}, {'custom_id': 'ab9247f2-41ef-4e44-9779-9734aa2a6ffa', 'collection_id': UUID('8630a875-4825-4716-a847-24e438aeea8f'), 'document': 'Children A Touching  ... (16112 characters truncated) ... 2627, -0.2874174118041992, 0.9372746348381042, 0.4156579077243805, -0.582218587398529, -0.3100808262825012, -0.9243355989456177, -0.2686498761177063]}, {'custom_id': '91905012-46eb-4c55-833a-850214e4f96d', 'collection_id': UUID('8630a875-4825-4716-a847-24e438aeea8f'), 'document': 'Games A Emotional Di ... (16147 characters truncated) ... 9, -0.8552154302597046, 0.1814843863248825, -0.32504281401634216, 0.1646391749382019, -0.2000177949666977, -0.10393783450126648, -0.3743874430656433]}, {'custom_id': 'd3c50cd2-e26b-435f-b7e7-87b25b3b0d1d', 'collection_id': UUID('8630a875-4825-4716-a847-24e438aeea8f'), 'document': 'New A Amazing Charac ... (16152 characters truncated) ... , -0.5372689962387085, 0.6800116300582886, -0.5159586668014526, -0.13650162518024445, -0.3716573715209961, -0.5471046566963196, -0.03387787193059921]}, {'custom_id': '6e9c3496-45bc-4ded-a26a-e7e7b2773792', 'collection_id': UUID('8630a875-4825-4716-a847-24e438aeea8f'), 'document': 'Music A Intrepid Yar ... (16182 characters truncated) ... , -0.15068493783473969, 0.08823111653327942, -0.5750895738601685, -1.0170903205871582, -0.6861138343811035, -0.5842714905738831, -0.1793292909860611]}, {'custom_id': '97c7227a-e9f3-4ce0-a866-de26f46a5dbd', 'collection_id': UUID('8630a875-4825-4716-a847-24e438aeea8f'), 'document': 'Horror A Unbelieveab ... (16146 characters truncated) ... 6, -0.15893657505512238, 0.7109154462814331, -0.8915956616401672, -0.3263874053955078, 0.16115398705005646, -0.5252504944801331, -0.4113180637359619]}, {'custom_id': '6ad71f0e-da9c-4946-8f62-bd78dbf827cf', 'collection_id': UUID('8630a875-4825-4716-a847-24e438aeea8f'), 'document': 'Drama A Taut Documen ... (16186 characters truncated) ... 623, -0.8998575806617737, 0.34287160634994507, -0.43736532330513, -0.3485333323478699, -0.1376795619726181, 0.05592840537428856, -0.6889978051185608]}, {'custom_id': '929e673c-0c8b-4a2a-af1e-f9458ff4d720', 'collection_id': UUID('8630a875-4825-4716-a847-24e438aeea8f'), 'document': 'Sci-Fi A Taut Epistl ... (16213 characters truncated) ... 55, -0.6417955160140991, 0.552651047706604, -0.9693570733070374, -0.807576596736908, 0.11851727962493896, 0.19425666332244873, 0.0014947764575481415]}, {'custom_id': 'ab3396a5-e1f7-48b1-bb93-ae4317dce36e', 'collection_id': UUID('8630a875-4825-4716-a847-24e438aeea8f'), 'document': 'Documentary A Fast-P ... (16149 characters truncated) ... 594, -0.548321008682251, 0.7735059857368469, -0.5918561220169067, -0.1303405910730362, -0.5902801752090454, -0.6227869987487793, -0.7850867509841919]}, {'custom_id': 'fab0dc8d-97d8-4e1d-b8ce-29991fd2a4de', 'collection_id': UUID('8630a875-4825-4716-a847-24e438aeea8f'), 'document': 'Documentary A Amazin ... (16202 characters truncated) ... , -0.3406387269496918, 0.2532801926136017, -0.7280721068382263, -0.39085111021995544, 0.055550139397382736, 0.07011838257312775, -0.5550042390823364]}, {'custom_id': '614cd187-4c48-446f-ab53-6ad5d858950f', 'collection_id': UUID('8630a875-4825-4716-a847-24e438aeea8f'), 'document': 'Action A Fanciful Re ... (16100 characters truncated) ... 7, -1.1638100147247314, 0.29979902505874634, 0.05972055718302727, -0.3773787021636963, -0.646536111831665, -0.6874614357948303, -0.31155917048454285]}, {'custom_id': 'c5d5e588-1fdf-4168-b3f1-44a745e5b6e4', 'collection_id': UUID('8630a875-4825-4716-a847-24e438aeea8f'), 'document': 'Children A Fateful D ... (16173 characters truncated) ...  -0.06919004023075104, 0.6256906390190125, -0.44661781191825867, -0.8371509909629822, -0.4768286347389221, -0.9197364449501038, -0.23053191602230072]}, {'custom_id': '38aa0051-ab5b-475d-b931-411b2cd88632', 'collection_id': UUID('8630a875-4825-4716-a847-24e438aeea8f'), 'document': 'Foreign A Touching D ... (16177 characters truncated) ... , -0.5689898729324341, 0.6382453441619873, -0.30323073267936707, -0.3063649833202362, -0.21822935342788696, -0.6839051842689514, -0.1946011483669281]}, {'custom_id': 'f5538316-efee-4f9e-80b0-e4b0c8f25674', 'collection_id': UUID('8630a875-4825-4716-a847-24e438aeea8f'), 'document': 'Sci-Fi A Fanciful Ch ... (16169 characters truncated) ... .6960076689720154, 0.5727929472923279, -0.48547428846359253, -0.424713671207428, -0.42147016525268555, -0.12567096948623657, -0.00024073805252555758]}, {'custom_id': '79113347-3970-489c-af22-afd7e53e0458', 'collection_id': UUID('8630a875-4825-4716-a847-24e438aeea8f'), 'document': 'Travel A Thrilling D ... (16126 characters truncated) ... 4, -0.350344181060791, 0.4361867308616638, -0.2327394038438797, -0.48241162300109863, -0.48589250445365906, -0.44962194561958313, -0.940514087677002]}, {'custom_id': 'dddaa3c3-d85c-47b3-a7aa-b8a3faf43af4', 'collection_id': UUID('8630a875-4825-4716-a847-24e438aeea8f'), 'document': 'Comedy A Astounding  ... (16147 characters truncated) ... 0.48659399151802063, 0.00031513473368249834, -0.45378971099853516, -0.742638349533081, 0.10254599153995514, -0.548586905002594, -0.04385567083954811]}, {'custom_id': '4093287e-9d70-4bf8-867d-0f3c684a7c94', 'collection_id': UUID('8630a875-4825-4716-a847-24e438aeea8f'), 'document': 'New A Epic Story of  ... (16159 characters truncated) ... 75, -0.5008288621902466, 0.4685951769351959, -0.9059097766876221, 0.22760148346424103, -0.13094975054264069, -0.6849765181541443, 0.4173014163970947]}, {'custom_id': '2abdaace-b27b-43f8-a60d-7b45daa818d8', 'collection_id': UUID('8630a875-4825-4716-a847-24e438aeea8f'), 'document': 'Games A Fast-Paced S ... (16108 characters truncated) ...  -1.0547415018081665, 1.1938395500183105, 0.10592087358236313, -0.0002994842652697116, -0.4305950999259949, -0.05061512812972069, 0.9250975847244263]}, {'custom_id': '2413bd28-a314-4142-ae8c-e9fb0945d5e3', 'collection_id': UUID('8630a875-4825-4716-a847-24e438aeea8f'), 'document': 'New A Intrepid Chara ... (16130 characters truncated) ... -1.0217679738998413, 0.5002304315567017, -0.18373645842075348, -0.18612007796764374, -0.8871077299118042, -0.16584272682666779, -0.09746595472097397]}, {'custom_id': '385a73c1-54ef-4d68-b14b-4c9184c0b441', 'collection_id': UUID('8630a875-4825-4716-a847-24e438aeea8f'), 'document': 'Music A Brilliant Re ... (16127 characters truncated) ... 56, -0.3745763301849365, 0.025638535618782043, -0.4305115342140198, -0.445514053106308, -0.14807358384132385, -0.795091986656189, 0.4576713442802429]}, {'custom_id': 'd151e720-e9f6-484a-bf1a-d72ded53d3ba', 'collection_id': UUID('8630a875-4825-4716-a847-24e438aeea8f'), 'document': 'New A Action-Packed  ... (16161 characters truncated) ... 9, -0.43083643913269043, 0.5835022926330566, -0.65301513671875, -0.20851607620716095, -0.15992720425128937, -0.3617013692855835, 0.36032095551490784]}, {'custom_id': '5716133f-c600-43f1-9f3f-5b62b4cfa2ce', 'collection_id': UUID('8630a875-4825-4716-a847-24e438aeea8f'), 'document': 'Comedy A Lacklusture ... (16194 characters truncated) ... , -0.16411761939525604, 0.3643024265766144, -0.7121695280075073, -1.0432957410812378, 0.37501010298728943, -0.27889445424079895, -0.7116703987121582]}, {'custom_id': '5d0e8543-5d27-41a8-949d-c1b6d7998bd3', 'collection_id': UUID('8630a875-4825-4716-a847-24e438aeea8f'), 'document': 'Comedy A Unbelieveab ... (16115 characters truncated) ... 24, -0.5828019976615906, 1.206753134727478, -0.6862775683403015, -0.7556023001670837, -0.01967603899538517, -0.49896514415740967, -0.405818372964859]}, {'custom_id': '327bc53a-529c-4cee-a419-9c893994c946', 'collection_id': UUID('8630a875-4825-4716-a847-24e438aeea8f'), 'document': 'Sports A Insightful  ... (16137 characters truncated) ... 538, -0.8205884099006653, 1.0385206937789917, -0.19183029234409332, -0.6923360824584961, -0.3178705871105194, 0.0739884003996849, 0.0467977412045002]}, {'custom_id': '0197690b-1eaf-47a4-a195-a1ff1b8570ef', 'collection_id': UUID('8630a875-4825-4716-a847-24e438aeea8f'), 'document': 'Games A Lacklusture  ... (16121 characters truncated) ...  -0.4998800754547119, 0.5184689164161682, 0.08047128468751907, -0.10146250575780869, -0.09277909994125366, -0.05657201632857323, 0.05333414301276207]}, {'custom_id': 'af01560c-907e-41f5-b0c2-130563422aeb', 'collection_id': UUID('8630a875-4825-4716-a847-24e438aeea8f'), 'document': 'Drama A Lacklusture  ... (16089 characters truncated) ... 99, -0.5039793848991394, 0.3780513405799866, -0.7198715806007385, -0.6635948419570923, -0.32439666986465454, -0.123939648270607, -1.2557592391967773]}, {'custom_id': 'fe61c18a-0347-4795-8da5-78690dc13694', 'collection_id': UUID('8630a875-4825-4716-a847-24e438aeea8f'), 'document': 'Documentary A Boring ... (16109 characters truncated) ... , -0.7301149368286133, 0.1467471718788147, -0.7055118680000305, -0.49284929037094116, 0.024455739185214043, 0.03453740105032921, -0.8990854024887085]}, {'custom_id': '78f3ccb8-303f-4da1-b9ac-1e40b46f041b', 'collection_id': UUID('8630a875-4825-4716-a847-24e438aeea8f'), 'document': 'Drama A Awe-Inspirin ... (16228 characters truncated) ... , -0.7918989658355713, 0.44542181491851807, -0.4720901548862457, -0.531895637512207, -0.3367128372192383, -0.32082077860832214, -0.07515272498130798]}, {'custom_id': '04f98552-62b7-4d3d-8dee-463cfc911694', 'collection_id': UUID('8630a875-4825-4716-a847-24e438aeea8f'), 'document': 'Documentary A Emotio ... (16177 characters truncated) ... 65, -0.3307982385158539, 0.419761061668396, -0.15287509560585022, 0.04070001468062401, 0.18483564257621765, -0.6154768466949463, -0.3717781901359558]}, {'custom_id': '81f344d0-a159-4244-bd89-83970a34684e', 'collection_id': UUID('8630a875-4825-4716-a847-24e438aeea8f'), 'document': 'Family A Fateful Tal ... (16135 characters truncated) ... , -0.5127400755882263, 0.5124931931495667, -0.04478931427001953, -0.0693730041384697, -0.4156781733036041, 0.06826983392238617, -0.25100988149642944]}, {'custom_id': 'df4b706a-ef05-4fd6-9a0b-c72f64c5213e', 'collection_id': UUID('8630a875-4825-4716-a847-24e438aeea8f'), 'document': 'Foreign A Thoughtful ... (16153 characters truncated) ... 03, -0.6601449251174927, 0.6169634461402893, -0.7816934585571289, -0.3537786304950714, -0.5687267184257507, -0.44887611269950867, -0.913958728313446]}, {'custom_id': 'c87b32b9-eb35-4884-878e-e2765e5ff42f', 'collection_id': UUID('8630a875-4825-4716-a847-24e438aeea8f'), 'document': 'New A Amazing Panora ... (16119 characters truncated) ... 7, -0.27958497405052185, 1.0348272323608398, -0.6558103561401367, -0.5474213361740112, -0.3956436812877655, -0.5042394399642944, -0.3502907156944275]}, {'custom_id': 'c7e51458-2d64-4c1d-89de-544ea4a632fa', 'collection_id': UUID('8630a875-4825-4716-a847-24e438aeea8f'), 'document': 'Games A Awe-Inspirin ... (16162 characters truncated) ... 6, -0.7287778854370117, 0.717501163482666, -0.23292584717273712, 0.0007200432009994984, 0.075332410633564, -0.21387538313865662, 0.47234493494033813]}, {'custom_id': '1cc1d3d0-90e4-4f57-b175-952689af8797', 'collection_id': UUID('8630a875-4825-4716-a847-24e438aeea8f'), 'document': 'Classics A Boring Ta ... (16121 characters truncated) ... , -1.174810528755188, 0.6551880240440369, -0.5118731260299683, -0.40730616450309753, -0.031150169670581818, -0.6244032979011536, -0.7512723803520203]}, {'custom_id': '78104b18-0689-4971-9832-b7b21331af94', 'collection_id': UUID('8630a875-4825-4716-a847-24e438aeea8f'), 'document': 'Classics A Epic Tale ... (16156 characters truncated) ... 651, -1.2985622882843018, 0.878441333770752, -0.5981825590133667, -0.6450183987617493, -0.3622388541698456, -1.1276804208755493, 0.15618939697742462]}, {'custom_id': 'fd0e3f4f-859c-4209-9fb0-ac9da6acfeca', 'collection_id': UUID('8630a875-4825-4716-a847-24e438aeea8f'), 'document': 'Documentary A Intrep ... (16128 characters truncated) ... 2, -0.5021452307701111, 0.4532768428325653, -0.8261772394180298, -0.5053160190582275, -0.6523103713989258, -0.37395501136779785, -0.7329880595207214]}, {'custom_id': '745f222b-3759-423e-91d1-3c56a0ab2ac5', 'collection_id': UUID('8630a875-4825-4716-a847-24e438aeea8f'), 'document': 'Animation A Intrepid ... (16220 characters truncated) ... 12, -0.5762559175491333, 0.32953229546546936, -1.2045706510543823, -0.7056612372398376, -0.5422936081886292, 0.5242465734481812, 0.28277650475502014]}, {'custom_id': '1f789359-3567-4dcd-a3b5-f5387b25e13b', 'collection_id': UUID('8630a875-4825-4716-a847-24e438aeea8f'), 'document': 'New A Beautiful Saga ... (16097 characters truncated) ... -1.1489486694335938, 0.30331745743751526, -0.7274278998374939, -0.631691575050354, 0.009370648302137852, -0.013453060761094093, -0.09908497333526611]}, {'custom_id': 'ea7a8dcd-0fd3-44d4-91dc-9a50b630ce45', 'collection_id': UUID('8630a875-4825-4716-a847-24e438aeea8f'), 'document': 'Children A Insightfu ... (16156 characters truncated) ... 28, 0.02098505012691021, 0.9959741830825806, -0.8419631719589233, -0.18708357214927673, -0.7872443199157715, -1.0824774503707886, -1.161344289779663]}, {'custom_id': 'be1936a3-468c-42ac-9a5f-07570fbd0ed4', 'collection_id': UUID('8630a875-4825-4716-a847-24e438aeea8f'), 'document': 'Games A Insightful D ... (16164 characters truncated) ... , -0.9126704335212708, 0.5520228743553162, 0.08574212342500687, -0.2326977401971817, 0.07324757426977158, -0.3117780089378357, -0.013560575433075428]}, {'custom_id': '98c93193-7ba9-4a29-8321-db946efb270f', 'collection_id': UUID('8630a875-4825-4716-a847-24e438aeea8f'), 'document': 'Foreign A Boring Dra ... (16203 characters truncated) ... -0.7610733509063721, 0.48512837290763855, -0.6608226895332336, -0.43228474259376526, -0.06118544936180115, -0.32686296105384827, -0.7108046412467957]}, {'custom_id': '711c2adb-4ebb-4c48-a118-3a4865371d86', 'collection_id': UUID('8630a875-4825-4716-a847-24e438aeea8f'), 'document': 'Drama A Action-Packe ... (16206 characters truncated) ...  -0.5639653205871582, 0.41920965909957886, -0.8520852327346802, -0.43479421734809875, -0.5051019787788391, -0.36844491958618164, -0.7699092626571655]}, {'custom_id': 'e90e5310-38f7-4891-a203-794fe23c13ab', 'collection_id': UUID('8630a875-4825-4716-a847-24e438aeea8f'), 'document': 'Children A Astoundin ... (16158 characters truncated) ... , -0.026524638757109642, 0.8154972791671753, -0.6539945006370544, -0.42152294516563416, 0.34840452671051025, -1.277261734008789, -0.3006468415260315]}, {'custom_id': '60a894d5-f4d8-4746-bf2b-8cb66cc9d8ae', 'collection_id': UUID('8630a875-4825-4716-a847-24e438aeea8f'), 'document': 'Documentary A Taut R ... (16132 characters truncated) ... 9, -0.7735579013824463, 0.6275734305381775, -0.620858907699585, -0.5290959477424622, -0.011223088018596172, 0.035038672387599945, -0.502480149269104]}, {'custom_id': 'db88fe56-7cc4-4494-b79a-382c61022e3d', 'collection_id': UUID('8630a875-4825-4716-a847-24e438aeea8f'), 'document': 'Foreign A Awe-Inspir ... (16153 characters truncated) ... , -1.0379369258880615, 0.8384678959846497, -0.07059168815612793, -0.47047990560531616, -0.3308541178703308, -0.5827195048332214, -0.7382906079292297]}, {'custom_id': '49757986-ae93-4c9f-ba66-6a5355e34e4f', 'collection_id': UUID('8630a875-4825-4716-a847-24e438aeea8f'), 'document': 'Classics A Fanciful  ... (16184 characters truncated) ... , -1.4277265071868896, 0.7031378746032715, -0.27364012598991394, -0.38072049617767334, 0.09312693774700165, -0.4298875331878662, 0.03511602431535721]}, {'custom_id': '647778e3-a0b1-4bab-b570-935bb9cd24a3', 'collection_id': UUID('8630a875-4825-4716-a847-24e438aeea8f'), 'document': 'Animation A Fast-Pac ... (16131 characters truncated) ... 2, -0.5121709704399109, 0.6118308305740356, -0.9622933268547058, -0.1496644914150238, -0.27339354157447815, -0.5774263739585876, 0.49044176936149597]}, {'custom_id': 'a0f11a63-c1d0-4758-9c2a-c2793bd99128', 'collection_id': UUID('8630a875-4825-4716-a847-24e438aeea8f'), 'document': 'Action A Unbelieveab ... (16186 characters truncated) ...  -0.4064026176929474, 0.36860719323158264, -0.5908743143081665, 0.11063067615032196, -0.36762920022010803, -0.3267821967601776, -0.35919874906539917]}, {'custom_id': 'f8be6673-7bfa-4921-8753-da87917362f7', 'collection_id': UUID('8630a875-4825-4716-a847-24e438aeea8f'), 'document': 'Horror A Emotional Y ... (16173 characters truncated) ... , -0.30511653423309326, 0.5287641286849976, -0.8420085310935974, -0.3655991852283478, -0.03776642307639122, -1.0410454273223877, -0.3357735574245453]}, {'custom_id': '37366485-33af-43f9-a3e1-3cfc0802a28f', 'collection_id': UUID('8630a875-4825-4716-a847-24e438aeea8f'), 'document': 'Documentary A Action ... (16239 characters truncated) ... -0.6186897158622742, -0.043892744928598404, -0.8511662483215332, -0.34792786836624146, -0.3223663866519928, -0.9823733568191528, -0.7247345447540283]}, {'custom_id': 'ac4731e8-1708-4bf6-8485-bf7cd5a7b975', 'collection_id': UUID('8630a875-4825-4716-a847-24e438aeea8f'), 'document': 'Sci-Fi A Fast-Paced  ... (16242 characters truncated) ... 6, -0.6362643837928772, 0.5880357027053833, -0.3582088053226471, -0.2670601010322571, -0.4215051233768463, -0.21795471012592316, 0.09215612709522247]}, {'custom_id': '437025be-d2a5-412f-b9b6-efde476332b0', 'collection_id': UUID('8630a875-4825-4716-a847-24e438aeea8f'), 'document': 'Action A Fanciful St ... (16145 characters truncated) ... 56, -0.7196324467658997, 0.5264948010444641, -0.994718611240387, -0.2772187888622284, 0.05024079978466034, -0.6782781481742859, -0.02951700985431671]}, {'custom_id': 'deb8ff48-6cda-4abc-b47e-be6242584de4', 'collection_id': UUID('8630a875-4825-4716-a847-24e438aeea8f'), 'document': 'Drama A Intrepid Dra ... (16204 characters truncated) ... 1934, -0.9545798301696777, 0.66546630859375, -0.6707396507263184, -0.1983739286661148, -0.5321412682533264, -0.4846193492412567, -0.4210190773010254]}, {'custom_id': '199c1690-e385-4582-8257-e3b0fb8bbe29', 'collection_id': UUID('8630a875-4825-4716-a847-24e438aeea8f'), 'document': 'Classics A Lacklustu ... (16168 characters truncated) ... 13, -1.2289705276489258, 0.7744988799095154, -0.5902799963951111, -0.4016505777835846, 0.01372164860367775, -0.9507468342781067, -1.1439180374145508]}, {'custom_id': 'b89a68e6-bb4e-4d3b-a9c7-78c75c1e4a97', 'collection_id': UUID('8630a875-4825-4716-a847-24e438aeea8f'), 'document': 'Foreign A Intrepid S ... (16146 characters truncated) ... -0.5069226026535034, 0.3642725348472595, -0.2957497835159302, -0.22132915258407593, -0.46303603053092957, -0.12672993540763855, -0.18381521105766296]}, {'custom_id': '21752004-8755-4271-a737-f7b4ea0e144c', 'collection_id': UUID('8630a875-4825-4716-a847-24e438aeea8f'), 'document': 'Sci-Fi A Intrepid St ... (16089 characters truncated) ... 45, -0.7588270902633667, 0.8035519123077393, -0.8200490474700928, -0.03500400483608246, 0.07915396243333817, -0.28643494844436646, 0.599412739276886]}, {'custom_id': '8e6a4f41-10f8-428b-b04b-641d31d82eda', 'collection_id': UUID('8630a875-4825-4716-a847-24e438aeea8f'), 'document': 'Documentary A Awe-In ... (16159 characters truncated) ... 1, -0.24595727026462555, 0.296213299036026, -0.8440771698951721, -0.47275111079216003, -0.15154245495796204, 0.2354779988527298, -0.5463891625404358]}, {'custom_id': '2946d61b-adcc-45d7-9d6f-d6e3f3b981f2', 'collection_id': UUID('8630a875-4825-4716-a847-24e438aeea8f'), 'document': 'New A Beautiful Stor ... (16141 characters truncated) ... 5, -0.5583206415176392, 0.5340529680252075, -0.7807484865188599, -0.4115903675556183, -0.02134745940566063, -0.5235626101493835, 0.23183391988277435]}, {'custom_id': '415704e7-02e9-4ff7-9234-80387fe66545', 'collection_id': UUID('8630a875-4825-4716-a847-24e438aeea8f'), 'document': 'Family A Brilliant P ... (16118 characters truncated) ... 76, 0.3039851784706116, 0.6414157152175903, -0.7014738321304321, -0.3289273977279663, -0.31163185834884644, -0.7635091543197632, -1.0666979551315308]}, {'custom_id': '38beaa63-7c4f-4d77-84a1-770f2b44bc6d', 'collection_id': UUID('8630a875-4825-4716-a847-24e438aeea8f'), 'document': 'Games A Touching Sag ... (16116 characters truncated) ... 172, -0.9286369681358337, 0.9044758677482605, -0.3066502809524536, -0.21725137531757355, 0.09601645916700363, 0.5907970666885376, 0.5467942953109741]}, {'custom_id': '509d0623-bcd4-4340-aecd-171baf399feb', 'collection_id': UUID('8630a875-4825-4716-a847-24e438aeea8f'), 'document': 'Travel A Astounding  ... (16155 characters truncated) ... 3223, -1.016136646270752, 0.9343587756156921, 0.283767431974411, -0.4563280940055847, -0.48484495282173157, -0.06853723526000977, 0.5316522121429443]}, {'custom_id': '7c2d5442-430d-4ff4-8347-0a9706f21d93', 'collection_id': UUID('8630a875-4825-4716-a847-24e438aeea8f'), 'document': 'Comedy A Unbelieveab ... (16186 characters truncated) ... 5, -0.7261790633201599, 0.5355233550071716, -0.6269851326942444, -0.9498871564865112, -0.41777822375297546, -0.06456636637449265, 0.5339457392692566]}, {'custom_id': '927cce15-dd4b-4104-a60a-7947e2637388', 'collection_id': UUID('8630a875-4825-4716-a847-24e438aeea8f'), 'document': 'Drama A Awe-Inspirin ... (16134 characters truncated) ... 2, -0.9311028718948364, 0.36088308691978455, -0.6440061926841736, -0.3228186070919037, -0.163341224193573, -0.6571828126907349, -0.05822240933775902]}, {'custom_id': 'f138bf6b-8b6a-41aa-9b57-d09ff77c16aa', 'collection_id': UUID('8630a875-4825-4716-a847-24e438aeea8f'), 'document': 'Music A Lacklusture  ... (16219 characters truncated) ... 085, -0.45666831731796265, 0.15968266129493713, -0.21002693474292755, -0.708528459072113, -0.10551087558269501, -0.84339839220047, 0.235140860080719]}, {'custom_id': 'df590bb7-4575-4a59-a8ba-e5c80f07e3a5', 'collection_id': UUID('8630a875-4825-4716-a847-24e438aeea8f'), 'document': 'Travel A Fast-Paced  ... (16178 characters truncated) ... , -1.3547308444976807, 1.0757205486297607, -0.44731083512306213, -0.6260858178138733, -0.7149868607521057, -0.16173359751701355, 0.14256572723388672]}, {'custom_id': '5dc717ed-fc52-448b-abb3-64610a754bfa', 'collection_id': UUID('8630a875-4825-4716-a847-24e438aeea8f'), 'document': 'Action A Insightful  ... (16143 characters truncated) ... , 0.15739452838897705, 0.23736509680747986, -0.7803618907928467, -0.42141076922416687, -0.4460495412349701, -0.3821393549442291, -1.2480913400650024]}, {'custom_id': '66d7d266-ae6f-4834-adb0-f04aac150160', 'collection_id': UUID('8630a875-4825-4716-a847-24e438aeea8f'), 'document': 'Music A Unbelieveabl ... (16181 characters truncated) ...  0.08108439296483994, 0.45500949025154114, -1.0557961463928223, -0.9304932355880737, -0.40549710392951965, -0.6819401979446411, -0.25072887539863586]}, {'custom_id': '435b195d-75e9-486b-8265-e7e7b058e9a8', 'collection_id': UUID('8630a875-4825-4716-a847-24e438aeea8f'), 'document': 'Foreign A Boring Pan ... (16129 characters truncated) ...  -0.8464277386665344, 0.14716006815433502, -0.3278060257434845, -0.3766953647136688, -0.08960846811532974, -0.20989885926246643, -1.0070586204528809]}, {'custom_id': 'e2557947-89e5-4114-8de6-b3eccd1b6a42', 'collection_id': UUID('8630a875-4825-4716-a847-24e438aeea8f'), 'document': 'Sci-Fi A Awe-Inspiri ... (16151 characters truncated) ... 3, -0.4468301832675934, 0.33170852065086365, -0.8350133299827576, -0.624078094959259, -0.21395806968212128, -0.2754567861557007, 0.17288552224636078]}, {'custom_id': '94d1230a-7afb-48ad-9879-12427b6c9a2d', 'collection_id': UUID('8630a875-4825-4716-a847-24e438aeea8f'), 'document': 'Animation A Brillian ... (16084 characters truncated) ... 547, -0.5838485956192017, 0.732029139995575, -1.1348220109939575, -0.6040391325950623, -0.21345271170139313, -0.766634464263916, 0.09681162238121033]}, {'custom_id': '8a75cac0-db5a-41b1-bc77-36708eece94f', 'collection_id': UUID('8630a875-4825-4716-a847-24e438aeea8f'), 'document': 'Music A Action-Packe ... (16165 characters truncated) ... 8, -0.4720873534679413, 0.3148763179779053, -0.20006611943244934, -0.5415537357330322, -0.4527261257171631, -0.7832760214805603, 0.13717077672481537]}, {'custom_id': '265cbb0e-2eaa-41b1-bc1b-2e60a60af896', 'collection_id': UUID('8630a875-4825-4716-a847-24e438aeea8f'), 'document': 'Travel A Action-Pack ... (16237 characters truncated) ... , -0.9583561420440674, 0.7036429643630981, -0.4855964779853821, -0.780366063117981, -0.2864301800727844, -0.13544605672359467, -0.004896515980362892]}, {'custom_id': '8395c578-1ed1-4137-8cd9-28d62235a0d4', 'collection_id': UUID('8630a875-4825-4716-a847-24e438aeea8f'), 'document': 'Travel A Stunning Ep ... (16160 characters truncated) ... 8, -0.8989526033401489, 1.4038312435150146, -0.11007973551750183, -0.627921998500824, -0.39603516459465027, -0.2492809146642685, -0.5113921165466309]}, {'custom_id': '3e347b33-8c9e-46af-af77-cdaf703ae751', 'collection_id': UUID('8630a875-4825-4716-a847-24e438aeea8f'), 'document': 'Horror A Unbelieveab ... (16222 characters truncated) ... -0.3429003953933716, 0.16687698662281036, -1.2106400728225708, -0.48809438943862915, 0.11088383197784424, -0.11199473589658737, 0.044449131935834885]}, {'custom_id': 'bec6e55d-e99d-4ac1-aed5-81e462d656dd', 'collection_id': UUID('8630a875-4825-4716-a847-24e438aeea8f'), 'document': 'Action A Thrilling D ... (16140 characters truncated) ... 0821, -0.5281664729118347, 0.29033163189888, -0.9563619494438171, 0.0172603577375412, -0.01788550242781639, -0.8110284209251404, -0.7749525308609009]}, {'custom_id': '4d4ecdf1-68cc-4035-af31-bb6b0f1e0f4b', 'collection_id': UUID('8630a875-4825-4716-a847-24e438aeea8f'), 'document': 'Documentary A Intrep ... (16165 characters truncated) ... 7, -0.6611380577087402, 0.46212106943130493, -0.7344872355461121, -0.187468022108078, -0.07235438376665115, -0.3764467239379883, -0.5636324882507324]}, {'custom_id': '69a8da2e-702c-47a3-a5a2-f945c7432e26', 'collection_id': UUID('8630a875-4825-4716-a847-24e438aeea8f'), 'document': 'Children A Emotional ... (16228 characters truncated) ... , 0.18357698619365692, 0.6785717010498047, -0.5744820237159729, -0.2791891396045685, -0.015978310257196426, -1.1956562995910645, -0.6687602996826172]}, {'custom_id': 'd168f37e-566d-4d03-8249-28c416d7f9a3', 'collection_id': UUID('8630a875-4825-4716-a847-24e438aeea8f'), 'document': 'New A Awe-Inspiring  ... (16178 characters truncated) ... , -0.38968876004219055, 0.5951754450798035, -0.9366427659988403, -0.5906140804290771, -0.6288713216781616, -0.7616379857063293, -0.30312561988830566]}, {'custom_id': 'bf9bca27-e334-4db7-bc16-a6f9ecf32c86', 'collection_id': UUID('8630a875-4825-4716-a847-24e438aeea8f'), 'document': 'Horror A Amazing Dis ... (16069 characters truncated) ... 0.8285831809043884, 0.22714006900787354, -0.40332406759262085, -0.39569753408432007, -0.1127454936504364, -0.20891675353050232, -0.15945836901664734]}, {'custom_id': 'dcfe1109-97c8-4b0e-8fb7-b5ea44a96994', 'collection_id': UUID('8630a875-4825-4716-a847-24e438aeea8f'), 'document': 'Documentary A Unbeli ... (16174 characters truncated) ... .02855043299496174, 0.051094457507133484, -0.40534645318984985, -0.4678449332714081, -0.26625093817710876, -0.4991419017314911, -0.07638402283191681]}, {'custom_id': '6ed9029b-961a-4e54-a61b-389928484cb2', 'collection_id': UUID('8630a875-4825-4716-a847-24e438aeea8f'), 'document': 'Music A Touching Dra ... (16133 characters truncated) ... 16, -0.353529691696167, 0.6353297829627991, -0.7270715236663818, -0.6865288615226746, -0.43509209156036377, -1.0393692255020142, -0.9506101608276367]}, {'custom_id': '7b203c87-ce1d-488a-80d0-76d9e5581830', 'collection_id': UUID('8630a875-4825-4716-a847-24e438aeea8f'), 'document': 'Horror A Fateful Yar ... (16134 characters truncated) ... , -0.3999103307723999, 0.49397704005241394, -0.9079588055610657, -0.2332722544670105, 0.24185492098331451, -0.5576888918876648, -0.20052453875541687]}, {'custom_id': '56c81ee0-b50c-4740-9758-60dad363d991', 'collection_id': UUID('8630a875-4825-4716-a847-24e438aeea8f'), 'document': 'Children A Fateful R ... (16161 characters truncated) ... 06, -0.1570202112197876, 0.8104086518287659, 0.27584490180015564, -0.7574423551559448, 0.1648215651512146, -1.0433660745620728, -0.30348822474479675]}, {'custom_id': '4cfd7a68-485b-438c-8e8e-b1601cc30dff', 'collection_id': UUID('8630a875-4825-4716-a847-24e438aeea8f'), 'document': 'Comedy A Intrepid Pa ... (16096 characters truncated) ...  -0.2395472526550293, 1.033661127090454, -0.38264816999435425, -0.7603009343147278, -0.024884050711989403, -0.9911868572235107, -0.24199578166007996]}, {'custom_id': 'e112f32b-e519-4598-b92c-b9877eda3771', 'collection_id': UUID('8630a875-4825-4716-a847-24e438aeea8f'), 'document': 'Ely Jared jared.ely@ ... (16090 characters truncated) ... , -0.14395979046821594, 1.0865914821624756, -0.2819667160511017, 0.2985434830188751, -1.1717209815979004, -1.1623077392578125, -0.037823814898729324]}, {'custom_id': '4879de0a-8c98-42ff-a294-b9f4b25926f6', 'collection_id': UUID('8630a875-4825-4716-a847-24e438aeea8f'), 'document': 'Smith Mary mary.smit ... (16128 characters truncated) ...  -0.34453442692756653, 0.30029669404029846, -0.24025891721248627, 0.3431395888328552, -1.0097472667694092, -0.8858707547187805, -0.12800921499729156]}, {'custom_id': '3d15eb2c-9ed9-4589-899d-c55526d71f77', 'collection_id': UUID('8630a875-4825-4716-a847-24e438aeea8f'), 'document': 'Johnson Patricia pat ... (16112 characters truncated) ... 86, -0.5056223273277283, 0.6026653051376343, -0.5825052261352539, 0.21305011212825775, -0.9634068012237549, -0.5752466917037964, -0.5666238069534302]}]]
2025-01-15 13:53:54,540 - INFO - Found 22 tables and 7 views
2025-01-15 13:53:54,540 - INFO - Generated 22 configurations
2025-01-15 13:53:54,697 - INFO - Processed nicer_but_slower_film_list: 997 documents
2025-01-15 13:53:54,784 - INFO - Processed customer: 599 documents
2025-01-15 13:53:54,898 - INFO - Processed sales_by_film_category: 16 documents
2025-01-15 13:53:54,962 - ERROR - Error processing customer_list: column "zip" does not exist
LINE 3:                         SELECT notes, city, zip code, countr...
                                                    ^

2025-01-15 13:53:55,065 - INFO - Processed film: 1000 documents
2025-01-15 13:53:55,190 - INFO - Processed sales_by_store: 2 documents
2025-01-15 13:53:55,325 - INFO - Processed film_list: 997 documents
2025-01-15 13:53:55,495 - INFO - Processed staff: 2 documents
2025-01-15 13:53:55,686 - INFO - Processed address: 603 documents
2025-01-15 13:53:55,859 - ERROR - Error processing staff_list: column "zip" does not exist
LINE 3: ...            SELECT phone, name, address, country, zip code, ...
                                                             ^

2025-01-15 13:53:55,936 - INFO - Processed category: 16 documents
2025-01-15 13:53:56,976 - INFO - Processed actor_info: 200 documents
2025-01-15 13:53:57,059 - INFO - Processed city: 600 documents
2025-01-15 13:53:57,123 - INFO - Processed country: 109 documents
2025-01-15 13:53:57,191 - INFO - Processed actor: 200 documents
2025-01-15 13:53:58,247 - INFO - Processed actor_info: 200 documents
2025-01-15 13:53:58,332 - INFO - Processed customer_list: 599 documents
2025-01-15 13:53:58,454 - INFO - Processed film_list: 997 documents
2025-01-15 13:53:58,668 - INFO - Processed nicer_but_slower_film_list: 997 documents
2025-01-15 13:53:58,778 - INFO - Processed sales_by_film_category: 16 documents
2025-01-15 13:53:58,898 - INFO - Processed sales_by_store: 2 documents
2025-01-15 13:53:58,967 - INFO - Processed staff_list: 2 documents
2025-01-15 14:29:51,774 - ERROR - Error in create_vector_store: (builtins.TypeError) Object of type date is not JSON serializable
[SQL: INSERT INTO langchain_pg_embedding (collection_id, embedding, document, cmetadata, custom_id, uuid) VALUES (%(collection_id)s::UUID, %(embedding)s, %(document)s, %(cmetadata)s, %(custom_id)s, %(uuid)s::UUID)]
[parameters: [{'document': 'Horror A Thrilling Character Study of a Robot And a Squirrel who must Face a Dog in Ancient India RipCrawford, JuliaMcqueen, PenelopeCro ... (16091 characters truncated) ... 971031189, -0.5291610956192017, -0.26008665561676025, -0.3297913670539856, -0.21665583550930023], 'custom_id': 'b6db463f-e4f3-42cb-a04d-58d87ee15efc'}, {'document': 'Comedy A Fast-Paced Drama of a Pioneer And a Mad Cow who must Challenge a Madman in Ancient Japan GregChaplin, GinaDegeneres, RitaReynol ... (16174 characters truncated) ... 53282928467, -0.9244416356086731, -0.2521081864833832, -0.8347794413566589, -0.6189147233963013], 'custom_id': 'a2cf3de5-a3aa-43a0-b8cf-bb042507f2bd'}, {'document': 'Comedy A Brilliant Display of a Composer And a Cat who must Succumb a A Shark in Ancient India RipCrawford, SidneyCrowe, JadaRyder, Rive ... (16160 characters truncated) ... 8385467529, -0.9083120822906494, -0.3316948115825653, -0.29210034012794495, -1.1918901205062866], 'custom_id': 'a7009f5e-356f-43ff-991d-2d8ea2805d36'}, {'document': 'Drama A Touching Reflection of a Man And a Monkey who must Pursue a Womanizer in A MySQL Convention TomMiranda, LauraBrody, MatthewCarre ... (16144 characters truncated) ... 0985183716, -0.2831941246986389, 0.15463346242904663, -0.43259984254837036, 0.03944898396730423], 'custom_id': '4acc62d0-f670-41d6-b875-aa967cabe704'}, {'document': 'Foreign A Unbelieveable Story of a Boy And a Mad Cow who must Challenge a Database Administrator in The Sahara Desert VivienBergen, Wood ... (16179 characters truncated) ... 480541229, -0.03823660686612129, -0.3906066417694092, -0.5451481938362122, -0.31368738412857056], 'custom_id': '3c221c6c-9521-4ada-ba85-e6e3f05ef8b9'}, {'document': 'Horror A Emotional Saga of a Car And a Madman who must Discover a Pioneer in California JenniferDavis, MaryTandy, EllenPresley, SpencerD ... (16162 characters truncated) ... 8731508255, -0.2989986538887024, -0.19159135222434998, -0.2429361194372177, -0.2842072546482086], 'custom_id': '4feacd44-c755-4942-9eb0-3d97fde89232'}, {'document': 'Drama A Boring Story of a Teacher And a Student who must Outgun a Cat in An Abandoned Mine Shaft GraceMostel, ScarlettDamon, SidneyCrowe ... (16136 characters truncated) ... 807632446, -0.4880121350288391, -0.23288008570671082, -0.08834026753902435, -1.2153654098510742], 'custom_id': '7971951b-fe2c-4eba-944c-4f031d438918'}, {'document': 'Action A Fanciful Character Study of a Lumberjack And a Car who must Discover a Cat in An Abandoned Amusement Park WoodyJolie, PenelopeM ... (16139 characters truncated) ... 104423523, -0.1879405975341797, -0.47964391112327576, -0.45818182826042175, -0.2114003598690033], 'custom_id': 'efccd90e-9f94-4fb9-b69b-3d91bee058f4'}, {'document': 'Sci-Fi A Astounding Panorama of a Husband And a Sumo Wrestler who must Pursue a Boat in Ancient India ElvisMarx, JodieDegeneres, Angelin ... (16202 characters truncated) ... 553718567, -0.17825689911842346, -0.16454513370990753, -0.5744875073432922, -0.2275550365447998], 'custom_id': '177bdcc0-12c9-470f-af31-2539e5b96b5b'}, {'document': 'New A Fanciful Drama of a Monkey And a Feminist who must Sink a Man in Berlin JuliaBarrymore, PenelopePinkett, MorganMcdormand, RussellT ... (16137 characters truncated) ... 87853813171, -0.6637704968452454, 0.0779011994600296, -0.2560376822948456, -0.28279948234558105], 'custom_id': 'bc5c9b17-0f25-4c25-b28e-620c85f24124'}, {'document': 'Travel A Lacklusture Panorama of a Forensic Psychologist And a Woman who must Kill a Explorer in Ancient Japan ChristianGable, KevinBloo ... (16215 characters truncated) ... 2278099, -0.013866638764739037, -0.11023014783859253, -0.3838123679161072, -0.24233466386795044], 'custom_id': '6f241b20-ab1a-4346-9278-ee6206d021e5'}, {'document': 'Action A Thrilling Epistle of a Moose And a Boy who must Meet a Database Administrator in A Monastery BurtDukakis, CarmenHunt, MaryTandy ... (16182 characters truncated) ... 9666786194, -0.5468069911003113, -0.3771713972091675, -0.6035029888153076, -0.08316399902105331], 'custom_id': '392e2ee2-c818-4a97-bafb-8587c8a0d1a4'}, {'document': 'Animation A Stunning Tale of a Man And a Monkey who must Chase a Student in New Orleans MaeHoffman, EllenPresley, ReeseWest Turn Star',  ... (16121 characters truncated) ... 26803589, 0.07690279185771942, -0.09485344588756561, -0.4343041479587555, -0.024389641359448433], 'custom_id': 'a25422af-6f8b-4a41-81b8-61215777e4e0'}, {'document': 'Sports A Boring Drama of a Man And a Forensic Psychologist who must Face a Frisbee in Ancient India DanTorn, KirkJovovich, MorganWilliam ... (16124 characters truncated) ... 2859220505, -0.1355268508195877, -0.04668763652443886, -0.05341317877173424, 0.1950971633195877], 'custom_id': '8148acc6-31ac-4dd6-aced-1e2798a7c10b'}, {'document': 'Children A Touching Display of a Frisbee And a Boat who must Kill a Girl in A MySQL Convention NatalieHopkins, JudeCruise, AdamGrant Twi ... (16112 characters truncated) ... 579077243805, -0.582218587398529, -0.3100808262825012, -0.9243355989456177, -0.2686498761177063], 'custom_id': '83d3d965-a508-42d7-b6d4-ae9fe9ce83a0'}, {'document': 'Games A Emotional Display of a Husband And a A Shark who must Succumb a Madman in A Manhattan Penthouse VivienBergen, SpencerDepp, Camer ... (16147 characters truncated) ... 81401634216, 0.1646391749382019, -0.2000177949666977, -0.10393783450126648, -0.3743874430656433], 'custom_id': '027edf3f-8df9-4bef-8f28-af83cdb2be00'}, {'document': 'New A Amazing Character Study of a Robot And a Student who must Chase a Robot in Australia KirstenPaltrow, GoldieBrody, ReeseKilmer, Bur ... (16152 characters truncated) ... 668014526, -0.13650162518024445, -0.3716573715209961, -0.5471046566963196, -0.03387787193059921], 'custom_id': '677a701d-d272-4ec2-a135-81648ad608bf'}, {'document': 'Music A Intrepid Yarn of a Explorer And a Pastry Chef who must Pursue a Mad Cow in A U-Boat RayJohansson, MorganHopkins, JaneJackman, Ru ... (16182 characters truncated) ... 95738601685, -1.0170903205871582, -0.6861138343811035, -0.5842714905738831, -0.1793292909860611], 'custom_id': 'ea41272d-9d49-4ca9-8df3-7087cf4da99a'}, {'document': 'Horror A Unbelieveable Display of a Crocodile And a Feminist who must Overcome a Moose in An Abandoned Amusement Park TomMiranda, France ... (16146 characters truncated) ... 56616401672, -0.3263874053955078, 0.16115398705005646, -0.5252504944801331, -0.4113180637359619], 'custom_id': '4e4632a2-b50c-42e4-a8bb-828a4d411b71'}, {'document': 'Drama A Taut Documentary of a Waitress And a Mad Scientist who must Battle a Technical Writer in New Orleans JuliaBarrymore, GregChaplin ... (16186 characters truncated) ... 36532330513, -0.3485333323478699, -0.1376795619726181, 0.05592840537428856, -0.6889978051185608], 'custom_id': '97482873-e05d-42a9-9c99-d2294a61c228'}, {'document': 'Sci-Fi A Taut Epistle of a Monkey And a Sumo Wrestler who must Vanquish a A Shark in A Baloon Factory JenniferDavis, CubaOlivier, JuliaB ... (16213 characters truncated) ... 0733070374, -0.807576596736908, 0.11851727962493896, 0.19425666332244873, 0.0014947764575481415], 'custom_id': 'aa87fa14-4144-4884-85a0-8d7ed247d916'}, {'document': 'Documentary A Fast-Paced Reflection of a Cat And a Mad Cow who must Fight a Car in The Sahara Desert ValBolger, ReeseKilmer, RayJohansso ... (16149 characters truncated) ... 61220169067, -0.1303405910730362, -0.5902801752090454, -0.6227869987487793, -0.7850867509841919], 'custom_id': '1b50ead3-051d-404c-af73-c785aeca0dc5'}, {'document': 'Documentary A Amazing Documentary of a Woman And a Astronaut who must Outrace a Teacher in An Abandoned Fun House JoeSwank, FrancesDay-l ... (16202 characters truncated) ... 068382263, -0.39085111021995544, 0.055550139397382736, 0.07011838257312775, -0.5550042390823364], 'custom_id': '745910ff-a621-4d5a-bed0-209dc4c1aeb2'}, {'document': 'Action A Fanciful Reflection of a Boy And a Butler who must Pursue a Woman in Berlin AnneCronyn, GeneHopkins, BenHarris, HarveyHope, Wil ... (16100 characters truncated) ... 55718302727, -0.3773787021636963, -0.646536111831665, -0.6874614357948303, -0.31155917048454285], 'custom_id': 'd6c3e0ab-b16d-4d6e-8449-7075cb3ba776'}, {'document': 'Children A Fateful Documentary of a Dog And a Hunter who must Pursue a Teacher in An Abandoned Amusement Park ZeroCage, AlecWayne, TimHa ... (16173 characters truncated) ... 1191825867, -0.8371509909629822, -0.4768286347389221, -0.9197364449501038, -0.23053191602230072], 'custom_id': 'f9027a16-3d92-42cf-9284-2ce7852b5d98'}, {'document': 'Foreign A Touching Display of a Explorer And a Lumberjack who must Fight a Forensic Psychologist in A Shark Tank ChristianGable, AudreyO ... (16177 characters truncated) ... 3267936707, -0.3063649833202362, -0.21822935342788696, -0.6839051842689514, -0.1946011483669281], 'custom_id': '4e20b6fd-6e30-4d7b-9577-3845415849d3'}, {'document': 'Sci-Fi A Fanciful Character Study of a Secret Agent And a Mad Scientist who must Reach a Teacher in Australia ChristianGable, FayKilmer, ... (16169 characters truncated) ... 359253, -0.424713671207428, -0.42147016525268555, -0.12567096948623657, -0.00024073805252555758], 'custom_id': '17b31386-8a17-4b6a-8934-b9c5a6f44037'}, {'document': 'Travel A Thrilling Display of a Husband And a Butler who must Reach a Pastry Chef in California BurtDukakis, EdGuiness Valentine Vanishi ... (16126 characters truncated) ... 038438797, -0.48241162300109863, -0.48589250445365906, -0.44962194561958313, -0.940514087677002], 'custom_id': '68511942-79a1-4ff2-9032-3115f56ea183'}, {'document': 'Comedy A Astounding Documentary of a Astronaut And a Boy who must Outrace a Sumo Wrestler in Berlin TomMiranda, CameronWray, BenWillis,  ... (16147 characters truncated) ... 971099853516, -0.742638349533081, 0.10254599153995514, -0.548586905002594, -0.04385567083954811], 'custom_id': '16f3d044-6005-4c6a-b765-0a697271f4af'}, {'document': 'New A Epic Story of a Lumberjack And a Monkey who must Confront a Pioneer in A MySQL Convention JohnnyCage, MegHawke, RichardPenn, EdMan ... (16159 characters truncated) ... 97766876221, 0.22760148346424103, -0.13094975054264069, -0.6849765181541443, 0.4173014163970947], 'custom_id': 'e2a6138b-fa23-47c8-bf7b-50f2d862cdab'}, {'document': 'Games A Fast-Paced Saga of a Girl And a Forensic Psychologist who must Redeem a Girl in Nigeria GrouchoDunst, WhoopiHurt Vanilla Day', ' ... (16108 characters truncated) ... 58236313, -0.0002994842652697116, -0.4305950999259949, -0.05061512812972069, 0.9250975847244263], 'custom_id': '871063dd-f786-4ce5-8c2c-a70e0d14fb33'}, {'document': 'New A Intrepid Character Study of a Squirrel And a A Shark who must Kill a Lumberjack in California SandraKilmer, AngelinaAstaire Vanish ... (16130 characters truncated) ... 42075348, -0.18612007796764374, -0.8871077299118042, -0.16584272682666779, -0.09746595472097397], 'custom_id': '29dccfd9-07e9-4a92-89ee-1ed402ee4fb7'}, {'document': 'Music A Brilliant Reflection of a Man And a Woman who must Conquer a Pioneer in A MySQL Convention MatthewJohansson, DanHarris, GaryPenn ... (16127 characters truncated) ... 5115342140198, -0.445514053106308, -0.14807358384132385, -0.795091986656189, 0.4576713442802429], 'custom_id': '212aef4b-4155-4061-9836-1641cc05915b'}, {'document': 'New A Action-Packed Character Study of a Astronaut And a Explorer who must Reach a Monkey in A MySQL Convention NickStallone, MenaTemple ... (16161 characters truncated) ... 513671875, -0.20851607620716095, -0.15992720425128937, -0.3617013692855835, 0.36032095551490784], 'custom_id': 'd2f6836f-b183-45df-88ae-80467c3d3fb5'}, {'document': 'Comedy A Lacklusture Tale of a Pastry Chef And a Technical Writer who must Confront a Crocodile in An Abandoned Amusement Park ZeroCage, ... (16194 characters truncated) ... 5280075073, -1.0432957410812378, 0.37501010298728943, -0.27889445424079895, -0.7116703987121582], 'custom_id': '0c597db3-a483-4317-b1b8-b0464d916e48'}, {'document': 'Comedy A Unbelieveable Display of a Mad Scientist And a Mad Scientist who must Outgun a Mad Cow in Ancient Japan PenelopeGuiness, DanStr ... (16115 characters truncated) ... 5683403015, -0.7556023001670837, -0.01967603899538517, -0.49896514415740967, -0.405818372964859], 'custom_id': 'e61dc44a-f827-4784-8776-e6ef7bb800f0'}, {'document': 'Sports A Insightful Epistle of a Mad Scientist And a Explorer who must Challenge a Cat in The Sahara Desert GaryPhoenix, KennethPesci, D ... (16137 characters truncated) ... 3029234409332, -0.6923360824584961, -0.3178705871105194, 0.0739884003996849, 0.0467977412045002], 'custom_id': '50de5180-fec9-44b7-8458-f1e2a4bfd19c'}, {'document': 'Games A Lacklusture Display of a Girl And a Astronaut who must Succumb a Student in Australia RalphCruz, ChristopherBerry, SusanDavis, I ... (16121 characters truncated) ... 68751907, -0.10146250575780869, -0.09277909994125366, -0.05657201632857323, 0.05333414301276207], 'custom_id': 'cc98ff88-1dd9-4229-ac65-b6e4bf400630'}, {'document': 'Drama A Lacklusture Display of a Butler And a Man who must Sink a Explorer in Soviet Georgia JodieDegeneres, MatthewLeigh Vietnam Smooch ... (16089 characters truncated) ... 15806007385, -0.6635948419570923, -0.32439666986465454, -0.123939648270607, -1.2557592391967773], 'custom_id': 'bd3541a1-9003-44e6-aaae-7cb67f7e0b94'}, {'document': 'Documentary A Boring Yarn of a Pioneer And a Feminist who must Redeem a Cat in An Abandoned Amusement Park DustinTautou, CaryMcconaughey ... (16109 characters truncated) ... 680000305, -0.49284929037094116, 0.024455739185214043, 0.03453740105032921, -0.8990854024887085], 'custom_id': 'e96208cc-0527-4356-b0bc-d64aa0b576f3'}, {'document': 'Drama A Awe-Inspiring Documentary of a Robot And a Mad Scientist who must Reach a Database Administrator in A Shark Tank DanTorn, AlecWa ... (16228 characters truncated) ... 1548862457, -0.531895637512207, -0.3367128372192383, -0.32082077860832214, -0.07515272498130798], 'custom_id': 'a557fb45-fab3-4f08-8f44-cdc08f5ce6e7'}, {'document': 'Documentary A Emotional Panorama of a Dentist And a Crocodile who must Meet a Boy in Berlin KarlBerry, SandraPeck, CameronWray, JessicaB ... (16177 characters truncated) ... 09560585022, 0.04070001468062401, 0.18483564257621765, -0.6154768466949463, -0.3717781901359558], 'custom_id': '631c068c-3755-4ecd-be2c-3899f0011e00'}, {'document': 'Family A Fateful Tale of a Database Administrator And a Squirrel who must Discover a Student in Soviet Georgia DustinTautou, GaryPenn, J ... (16135 characters truncated) ... 1427001953, -0.0693730041384697, -0.4156781733036041, 0.06826983392238617, -0.25100988149642944], 'custom_id': '2c19fe63-d87e-4572-a69e-9810cb3e8dcf'}, {'document': 'Foreign A Thoughtful Documentary of a Dog And a Man who must Sink a Man in A Shark Tank MenaTemple, MegHawke, RussellTemple, Christopher ... (16153 characters truncated) ... 34585571289, -0.3537786304950714, -0.5687267184257507, -0.44887611269950867, -0.913958728313446], 'custom_id': '366adfaf-91c2-4167-8e49-4c6f167fb60f'}, {'document': 'New A Amazing Panorama of a Pioneer And a Student who must Overcome a Mad Scientist in A Manhattan Penthouse VivienBergen, HelenVoight,  ... (16119 characters truncated) ... 03561401367, -0.5474213361740112, -0.3956436812877655, -0.5042394399642944, -0.3502907156944275], 'custom_id': '5ff480c7-78c5-4ce6-92ad-f49a8455358e'}, {'document': 'Games A Awe-Inspiring Yarn of a Hunter And a Feminist who must Challenge a Dentist in The Outback CubaOlivier, AlbertNolte, CateMcqueen, ... (16162 characters truncated) ... 4717273712, 0.0007200432009994984, 0.075332410633564, -0.21387538313865662, 0.47234493494033813], 'custom_id': 'defe8261-8cf3-4de8-b351-6dc10eecaa54'}, {'document': 'Classics A Boring Tale of a Dog And a Woman who must Meet a Dentist in California AudreyOlivier, GaryPenn, KennethTorn, ChrisDepp, Reese ... (16121 characters truncated) ... 60299683, -0.40730616450309753, -0.031150169670581818, -0.6244032979011536, -0.7512723803520203], 'custom_id': '8e743439-26b5-44d9-987a-2bae22ef234e'}, {'document': 'Classics A Epic Tale of a Squirrel And a Hunter who must Conquer a Boy in An Abandoned Mine Shaft CarmenHunt, JayneNeeson, AngelaHudson, ... (16156 characters truncated) ... 25590133667, -0.6450183987617493, -0.3622388541698456, -1.1276804208755493, 0.15618939697742462], 'custom_id': '78261c7a-301b-4a07-8a8d-7b2004f66933'}, {'document': 'Documentary A Intrepid Drama of a Moose And a Boat who must Kill a Explorer in A Manhattan Penthouse NickStallone, HenryBerry, SpencerPe ... (16128 characters truncated) ... 2394180298, -0.5053160190582275, -0.6523103713989258, -0.37395501136779785, -0.7329880595207214], 'custom_id': '95798ce4-b10b-40bc-ae19-c24b7c46ac27'}, {'document': 'Animation A Intrepid Epistle of a Woman And a Forensic Psychologist who must Succumb a Astronaut in A Manhattan Penthouse WoodyHoffman,  ... (16220 characters truncated) ... 706510543823, -0.7056612372398376, -0.5422936081886292, 0.5242465734481812, 0.28277650475502014], 'custom_id': '6dc97d85-d4da-4868-9ae7-840ad63305ea'}, {'document': 'New A Beautiful Saga of a Feminist And a Composer who must Challenge a Moose in Berlin WoodyJolie, SidneyCrowe, MerylGibson, ChrisDepp,  ... (16097 characters truncated) ... 98374939, -0.631691575050354, 0.009370648302137852, -0.013453060761094093, -0.09908497333526611], 'custom_id': '858f18aa-9272-4d9f-80c3-6944aa2623bc'}, {'document': 'Children A Insightful Panorama of a Teacher And a Teacher who must Overcome a Mad Cow in An Abandoned Fun House ChrisBridges, SylvesterD ... (16156 characters truncated) ... 31719589233, -0.18708357214927673, -0.7872443199157715, -1.0824774503707886, -1.161344289779663], 'custom_id': '04aad506-cb8b-46f7-a3cf-7e8f42be7f1d'}, {'document': 'Games A Insightful Drama of a A Shark And a Pioneer who must Find a Womanizer in The Outback BurtDukakis, AdamGrant, SeanWilliams, Milla ... (16164 characters truncated) ... 342500687, -0.2326977401971817, 0.07324757426977158, -0.3117780089378357, -0.013560575433075428], 'custom_id': 'b9482510-75f4-4348-9e9b-a2054f40675c'}, {'document': 'Foreign A Boring Drama of a Teacher And a Sumo Wrestler who must Challenge a Secret Agent in The Canadian Rockies GraceMostel, HelenVoig ... (16203 characters truncated) ... 95332336, -0.43228474259376526, -0.06118544936180115, -0.32686296105384827, -0.7108046412467957], 'custom_id': '05187e0b-5bc1-4870-bae3-31788f9c8edb'}, {'document': 'Drama A Action-Packed Display of a Mad Cow And a Astronaut who must Kill a Car in Ancient India NickWahlberg, KirkJovovich, AngelinaAsta ... (16206 characters truncated) ... 327346802, -0.43479421734809875, -0.5051019787788391, -0.36844491958618164, -0.7699092626571655], 'custom_id': '7c8a0968-a0f0-420b-a9c0-df0e42d9d9da'}, {'document': 'Children A Astounding Yarn of a Pioneer And a Crocodile who must Defeat a A Shark in The Outback GraceMostel, HelenVoight, WillWilson, G ... (16158 characters truncated) ... 45006370544, -0.42152294516563416, 0.34840452671051025, -1.277261734008789, -0.3006468415260315], 'custom_id': '9250b68d-e68e-4d3a-a89e-ecb72e9af8c9'}, {'document': 'Documentary A Taut Reflection of a Teacher And a Database Administrator who must Chase a Madman in The Sahara Desert MaryTandy, MinnieZe ... (16132 characters truncated) ... 907699585, -0.5290959477424622, -0.011223088018596172, 0.035038672387599945, -0.502480149269104], 'custom_id': '5c84583d-bfd0-495d-862b-3c79524fede0'}, {'document': 'Foreign A Awe-Inspiring Reflection of a Cat And a Pioneer who must Escape a Hunter in Ancient China MenaTemple, SpencerPeck, SusanDavis, ... (16153 characters truncated) ... 8815612793, -0.47047990560531616, -0.3308541178703308, -0.5827195048332214, -0.7382906079292297], 'custom_id': '16ab15a8-7bd4-4a67-9506-83b6d898f77a'}, {'document': 'Classics A Fanciful Story of a Database Administrator And a Womanizer who must Fight a Database Administrator in Ancient China LucilleTr ... (16184 characters truncated) ... 2598991394, -0.38072049617767334, 0.09312693774700165, -0.4298875331878662, 0.03511602431535721], 'custom_id': '77e23d54-96c4-4e3e-a429-23dd969df646'}, {'document': 'Animation A Fast-Paced Yarn of a Dog And a Frisbee who must Conquer a Hunter in Nigeria ValBolger, FayKilmer, CaryMcconaughey, GrouchoSi ... (16131 characters truncated) ... 3268547058, -0.1496644914150238, -0.27339354157447815, -0.5774263739585876, 0.49044176936149597], 'custom_id': 'c3930b5f-95fd-4e85-91da-9d852492fdb0'}, {'document': 'Action A Unbelieveable Documentary of a Dentist And a Technical Writer who must Build a Womanizer in Nigeria JoeSwank, ChristianGable, E ... (16186 characters truncated) ... 143081665, 0.11063067615032196, -0.36762920022010803, -0.3267821967601776, -0.35919874906539917], 'custom_id': 'a71058a0-20b9-4703-bb27-627ea7c867c9'}, {'document': 'Horror A Emotional Yarn of a Boat And a Crocodile who must Meet a Moose in Soviet Georgia MillaPeck, DanHarris, AngelaHudson, AlbertNolt ... (16173 characters truncated) ... 5310935974, -0.3655991852283478, -0.03776642307639122, -1.0410454273223877, -0.3357735574245453], 'custom_id': 'a8142af6-07e9-4d27-987d-155ce772c45e'}, {'document': 'Documentary A Action-Packed Tale of a Student And a Waitress who must Conquer a Lumberjack in An Abandoned Mine Shaft EdChase, Christian ... (16239 characters truncated) ... 2483215332, -0.34792786836624146, -0.3223663866519928, -0.9823733568191528, -0.7247345447540283], 'custom_id': 'fbe185c6-b3e4-4a6f-a318-c43e4d4a488c'}, {'document': 'Sci-Fi A Fast-Paced Documentary of a Car And a Butler who must Find a Frisbee in A Jet Boat EdChase, FredCostner, JuliaMcqueen, JimMoste ... (16242 characters truncated) ... 8053226471, -0.2670601010322571, -0.4215051233768463, -0.21795471012592316, 0.09215612709522247], 'custom_id': '93567f3a-a692-499b-8cc0-536404bc355c'}, {'document': 'Action A Fanciful Story of a Man And a Sumo Wrestler who must Outrace a Student in A Monastery CubaOlivier, GrouchoSinatra, KennethPesci ... (16145 characters truncated) ... 8611240387, -0.2772187888622284, 0.05024079978466034, -0.6782781481742859, -0.02951700985431671], 'custom_id': 'c65b6971-f427-4e2f-8a90-da4ac0e35875'}, {'document': 'Drama A Intrepid Drama of a Butler And a Lumberjack who must Challenge a Database Administrator in A Manhattan Penthouse ZeroCage, Camer ... (16204 characters truncated) ... 96507263184, -0.1983739286661148, -0.5321412682533264, -0.4846193492412567, -0.4210190773010254], 'custom_id': '9d85150e-2d85-42ef-a60a-074db09249fa'}, {'document': 'Classics A Lacklusture Tale of a Butler And a Husband who must Face a Boy in Ancient China PenelopeGuiness, VivienBergen, PenelopePinket ... (16168 characters truncated) ... 99963951111, -0.4016505777835846, 0.01372164860367775, -0.9507468342781067, -1.1439180374145508], 'custom_id': 'd2e60f86-a05e-4db0-a53c-56e0c48c1842'}, {'document': 'Foreign A Intrepid Story of a Pastry Chef And a Database Administrator who must Kill a Feminist in A MySQL Convention EdChase, AudreyOli ... (16146 characters truncated) ... 5159302, -0.22132915258407593, -0.46303603053092957, -0.12672993540763855, -0.18381521105766296], 'custom_id': '63e8f8ea-eb98-441c-885a-9eea0c2ab58f'}, {'document': 'Sci-Fi A Intrepid Story of a Dentist And a Hunter who must Confront a Monkey in Ancient Japan MillaPeck, JessicaBailey, BelaWalken Whisp ... (16089 characters truncated) ... 90474700928, -0.03500400483608246, 0.07915396243333817, -0.28643494844436646, 0.599412739276886], 'custom_id': '9557892b-e027-4b0b-ad97-888c57b51461'}, {'document': 'Documentary A Awe-Inspiring Epistle of a Teacher And a Feminist who must Confront a Pioneer in Ancient Japan WoodyHoffman, JuliaBarrymor ... (16159 characters truncated) ... 1698951721, -0.47275111079216003, -0.15154245495796204, 0.2354779988527298, -0.5463891625404358], 'custom_id': 'ca4b6e48-8c56-4768-890c-3b05985e21f7'}, {'document': 'New A Beautiful Story of a Monkey And a Sumo Wrestler who must Conquer a A Shark in A MySQL Convention JoeSwank, GaryPhoenix, LisaMonroe ... (16141 characters truncated) ... 4865188599, -0.4115903675556183, -0.02134745940566063, -0.5235626101493835, 0.23183391988277435], 'custom_id': 'a50d660e-925a-425f-a23d-d48828bb3192'}, {'document': 'Family A Brilliant Panorama of a Boat And a Astronaut who must Challenge a Teacher in A Manhattan Penthouse ReeseKilmer, JamesPitt Willo ... (16118 characters truncated) ... 8321304321, -0.3289273977279663, -0.31163185834884644, -0.7635091543197632, -1.0666979551315308], 'custom_id': '88ab2b1c-32a7-4fea-8c0f-4973c27bed9d'}, {'document': 'Games A Touching Saga of a Madman And a Forensic Psychologist who must Build a Sumo Wrestler in An Abandoned Mine Shaft CharlizeDench, E ... (16116 characters truncated) ... 502809524536, -0.21725137531757355, 0.09601645916700363, 0.5907970666885376, 0.5467942953109741], 'custom_id': 'b0efb501-a646-415d-a9c6-49684bc96fb4'}, {'document': 'Travel A Astounding Character Study of a Womanizer And a Hunter who must Escape a Robot in A Monastery LucilleTracy, AnneCronyn, GinaDeg ... (16155 characters truncated) ... 7431974411, -0.4563280940055847, -0.48484495282173157, -0.06853723526000977, 0.5316522121429443], 'custom_id': '6d8264e3-e637-41d9-8d5a-7525af516947'}, {'document': 'Comedy A Unbelieveable Saga of a Forensic Psychologist And a Student who must Face a Squirrel in The First Manned Space Station SissySob ... (16186 characters truncated) ... 1326942444, -0.9498871564865112, -0.41777822375297546, -0.06456636637449265, 0.5339457392692566], 'custom_id': '3a99ccb3-e6c6-4f6c-9257-447f36e38114'}, {'document': 'Drama A Awe-Inspiring Drama of a Secret Agent And a Hunter who must Fight a Moose in Nigeria RalphCruz, SpencerDepp, WalterTorn, ReeseWe ... (16134 characters truncated) ... 61926841736, -0.3228186070919037, -0.163341224193573, -0.6571828126907349, -0.05822240933775902], 'custom_id': '77d6fc6f-e8bd-4ef1-86d0-32388fcb4816'}, {'document': 'Music A Lacklusture Display of a Robot And a Girl who must Defeat a Sumo Wrestler in A MySQL Convention PenelopeGuiness, ChristianGable, ... (16219 characters truncated) ... 002693474292755, -0.708528459072113, -0.10551087558269501, -0.84339839220047, 0.235140860080719], 'custom_id': '16cf2a87-ee73-4e08-a312-29d9d01ff2b2'}, {'document': 'Travel A Fast-Paced Drama of a Squirrel And a Robot who must Succumb a Technical Writer in A Manhattan Penthouse SandraKilmer, JayneNees ... (16178 characters truncated) ... 3512306213, -0.6260858178138733, -0.7149868607521057, -0.16173359751701355, 0.14256572723388672], 'custom_id': '7d4e6745-1846-49ab-ad7b-a9d8d7e1ad52'}, {'document': 'Action A Insightful Documentary of a Waitress And a Butler who must Vanquish a Composer in Australia NickStallone, ChristopherBerry, Ell ... (16143 characters truncated) ... 8907928467, -0.42141076922416687, -0.4460495412349701, -0.3821393549442291, -1.2480913400650024], 'custom_id': '32963194-972e-43b6-ad68-335672747f5b'}, {'document': 'Music A Unbelieveable Documentary of a Teacher And a Monkey who must Defeat a Explorer in A U-Boat ChristianGable, KirstenPaltrow, LisaM ... (16181 characters truncated) ... 463928223, -0.9304932355880737, -0.40549710392951965, -0.6819401979446411, -0.25072887539863586], 'custom_id': '0e255d82-7b21-4fb9-9d02-bc6beb1e699c'}, {'document': 'Foreign A Boring Panorama of a Woman And a Madman who must Overcome a Butler in A U-Boat DustinTautou, SusanDavis, PenelopeCronyn, Humph ... (16129 characters truncated) ... 257434845, -0.3766953647136688, -0.08960846811532974, -0.20989885926246643, -1.0070586204528809], 'custom_id': '34161e00-7d5d-4080-a895-b91aa529f7c3'}, {'document': 'Sci-Fi A Awe-Inspiring Character Study of a Waitress And a Car who must Pursue a Mad Scientist in The First Manned Space Station CubaOli ... (16151 characters truncated) ... 33299827576, -0.624078094959259, -0.21395806968212128, -0.2754567861557007, 0.17288552224636078], 'custom_id': '49943a60-f689-48fc-bdec-c58c0ecaaf91'}, {'document': 'Animation A Brilliant Saga of a Boat And a Mad Scientist who must Meet a Moose in Ancient India JuliaMcqueen, HenryBerry Wonka Sea', 'co ... (16084 characters truncated) ... 20109939575, -0.6040391325950623, -0.21345271170139313, -0.766634464263916, 0.09681162238121033], 'custom_id': '4d271ff4-f1f8-4921-83ef-e3f8d7f2af11'}, {'document': 'Music A Action-Packed Reflection of a Composer And a Mad Scientist who must Face a Pioneer in A MySQL Convention GeneWillis, SusanDavis, ... (16165 characters truncated) ... 11943244934, -0.5415537357330322, -0.4527261257171631, -0.7832760214805603, 0.13717077672481537], 'custom_id': 'a65c3b16-f23f-4067-8672-ff1a4adeb6ed'}, {'document': 'Travel A Action-Packed Yarn of a Secret Agent And a Technical Writer who must Battle a Sumo Wrestler in The First Manned Space Station Z ... (16237 characters truncated) ... 779853821, -0.780366063117981, -0.2864301800727844, -0.13544605672359467, -0.004896515980362892], 'custom_id': 'ec85a0e3-6d58-454d-98df-6acb93d7c1d8'}, {'document': 'Travel A Stunning Epistle of a Dentist And a Dog who must Kill a Madman in Ancient China ValBolger, KennethTorn, LucilleDee, GeoffreyHes ... (16160 characters truncated) ... 73551750183, -0.627921998500824, -0.39603516459465027, -0.2492809146642685, -0.5113921165466309], 'custom_id': 'fd6edaf8-c824-4db4-a03a-aa256946cdeb'}, {'document': 'Horror A Unbelieveable Tale of a Pioneer And a Astronaut who must Overcome a Robot in An Abandoned Amusement Park GaryPhoenix, PenelopeP ... (16222 characters truncated) ... 28225708, -0.48809438943862915, 0.11088383197784424, -0.11199473589658737, 0.044449131935834885], 'custom_id': '8fceb15f-9d65-48c5-b914-df214330a804'}, {'document': 'Action A Thrilling Drama of a Madman And a Dentist who must Conquer a Boy in The Outback ParkerGoldberg, KirstenAkroyd, SpencerDepp, Mat ... (16140 characters truncated) ... 19494438171, 0.0172603577375412, -0.01788550242781639, -0.8110284209251404, -0.7749525308609009], 'custom_id': '0cc46783-f85f-4a31-a04f-5e7ba1134031'}, {'document': 'Documentary A Intrepid Reflection of a Technical Writer And a Hunter who must Defeat a Sumo Wrestler in A Monastery SpencerDepp, CateHar ... (16165 characters truncated) ... 72355461121, -0.187468022108078, -0.07235438376665115, -0.3764467239379883, -0.5636324882507324], 'custom_id': 'c2413171-fd62-4e32-a9d4-9a3693b36d7c'}, {'document': 'Children A Emotional Saga of a Crocodile And a Sumo Wrestler who must Discover a Mad Cow in New Orleans MillaPeck, GaryPhoenix, CaryMcco ... (16228 characters truncated) ... 237159729, -0.2791891396045685, -0.015978310257196426, -1.1956562995910645, -0.6687602996826172], 'custom_id': '634a50e7-668c-46ef-bae9-374873fecb66'}, {'document': 'New A Awe-Inspiring Panorama of a Robot And a Boat who must Overcome a Feminist in A U-Boat BetteNicholson, WoodyHoffman, SidneyCrowe, H ... (16178 characters truncated) ... 7659988403, -0.5906140804290771, -0.6288713216781616, -0.7616379857063293, -0.30312561988830566], 'custom_id': 'ffeec724-fa20-4b7c-846e-8e93d0068d5d'}, {'document': 'Horror A Amazing Display of a Robot And a Astronaut who must Fight a Womanizer in Berlin ReeseWest Yentl Idaho', 'collection_id': UUID(' ... (16069 characters truncated) ... 59262085, -0.39569753408432007, -0.1127454936504364, -0.20891675353050232, -0.15945836901664734], 'custom_id': 'ce2eeefa-3642-4a84-9998-c6d19cc22c8a'}, {'document': 'Documentary A Unbelieveable Yarn of a Boat And a Database Administrator who must Meet a Boy in The First Manned Space Station EdChase, J ... (16174 characters truncated) ... 318984985, -0.4678449332714081, -0.26625093817710876, -0.4991419017314911, -0.07638402283191681], 'custom_id': 'fe6e51d6-6335-4652-be36-dbcf8f3dbb1a'}, {'document': 'Music A Touching Drama of a Teacher And a Cat who must Challenge a Technical Writer in A U-Boat SandraKilmer, ValBolger, ScarlettBening, ... (16133 characters truncated) ... 5236663818, -0.6865288615226746, -0.43509209156036377, -1.0393692255020142, -0.9506101608276367], 'custom_id': '02430513-e449-4286-89ef-173a17684ccb'}, {'document': 'Horror A Fateful Yarn of a Composer And a Man who must Face a Boy in The Canadian Rockies UmaWood, NickStallone, GaryPenn, SalmaNolte, K ... (16134 characters truncated) ... 8055610657, -0.2332722544670105, 0.24185492098331451, -0.5576888918876648, -0.20052453875541687], 'custom_id': 'b54b5bd7-1ab5-45a6-868d-7ca91c9b33b6'}, {'document': 'Children A Fateful Reflection of a Waitress And a Boat who must Discover a Sumo Wrestler in Ancient China CarmenHunt, MaryTandy, Penelop ... (16161 characters truncated) ... 90180015564, -0.7574423551559448, 0.1648215651512146, -1.0433660745620728, -0.30348822474479675], 'custom_id': 'd6b16c78-255c-4afc-a2f4-61ace1e372f5'}, {'document': 'Comedy A Intrepid Panorama of a Mad Scientist And a Boy who must Redeem a Boy in A Monastery IanTandy, NickDegeneres, LisaMonroe Zorro A ... (16096 characters truncated) ... 99435425, -0.7603009343147278, -0.024884050711989403, -0.9911868572235107, -0.24199578166007996], 'custom_id': '3198c903-3698-460b-9427-aeb319afe29c'}, {'document': 'Ely Jared jared.ely@sakilacustomer.org', 'collection_id': UUID('8630a875-4825-4716-a847-24e438aeea8f'), 'cmetadata': {'source_table': 'c ... (16068 characters truncated) ... 7160511017, 0.2985434830188751, -1.1717209815979004, -1.1623077392578125, -0.037823814898729324], 'custom_id': '56828990-4a4b-4c6e-850e-b27c71804d7a'}, {'document': 'Smith Mary mary.smith@sakilacustomer.org', 'collection_id': UUID('8630a875-4825-4716-a847-24e438aeea8f'), 'cmetadata': {'source_table':  ... (16106 characters truncated) ... 91721248627, 0.3431395888328552, -1.0097472667694092, -0.8858707547187805, -0.12800921499729156], 'custom_id': '51ad0e09-6900-4a42-8cb8-172bf274dff4'}, {'document': 'Johnson Patricia patricia.johnson@sakilacustomer.org', 'collection_id': UUID('8630a875-4825-4716-a847-24e438aeea8f'), 'cmetadata': {'sou ... (16090 characters truncated) ... 52261352539, 0.21305011212825775, -0.9634068012237549, -0.5752466917037964, -0.5666238069534302], 'custom_id': '375a179a-e34f-4cb1-87fe-b7d517e81d2b'}]]
2025-01-15 14:29:51,816 - ERROR - Error in process_all_data: (builtins.TypeError) Object of type date is not JSON serializable
[SQL: INSERT INTO langchain_pg_embedding (collection_id, embedding, document, cmetadata, custom_id, uuid) VALUES (%(collection_id)s::UUID, %(embedding)s, %(document)s, %(cmetadata)s, %(custom_id)s, %(uuid)s::UUID)]
[parameters: [{'document': 'Horror A Thrilling Character Study of a Robot And a Squirrel who must Face a Dog in Ancient India RipCrawford, JuliaMcqueen, PenelopeCro ... (16091 characters truncated) ... 971031189, -0.5291610956192017, -0.26008665561676025, -0.3297913670539856, -0.21665583550930023], 'custom_id': 'b6db463f-e4f3-42cb-a04d-58d87ee15efc'}, {'document': 'Comedy A Fast-Paced Drama of a Pioneer And a Mad Cow who must Challenge a Madman in Ancient Japan GregChaplin, GinaDegeneres, RitaReynol ... (16174 characters truncated) ... 53282928467, -0.9244416356086731, -0.2521081864833832, -0.8347794413566589, -0.6189147233963013], 'custom_id': 'a2cf3de5-a3aa-43a0-b8cf-bb042507f2bd'}, {'document': 'Comedy A Brilliant Display of a Composer And a Cat who must Succumb a A Shark in Ancient India RipCrawford, SidneyCrowe, JadaRyder, Rive ... (16160 characters truncated) ... 8385467529, -0.9083120822906494, -0.3316948115825653, -0.29210034012794495, -1.1918901205062866], 'custom_id': 'a7009f5e-356f-43ff-991d-2d8ea2805d36'}, {'document': 'Drama A Touching Reflection of a Man And a Monkey who must Pursue a Womanizer in A MySQL Convention TomMiranda, LauraBrody, MatthewCarre ... (16144 characters truncated) ... 0985183716, -0.2831941246986389, 0.15463346242904663, -0.43259984254837036, 0.03944898396730423], 'custom_id': '4acc62d0-f670-41d6-b875-aa967cabe704'}, {'document': 'Foreign A Unbelieveable Story of a Boy And a Mad Cow who must Challenge a Database Administrator in The Sahara Desert VivienBergen, Wood ... (16179 characters truncated) ... 480541229, -0.03823660686612129, -0.3906066417694092, -0.5451481938362122, -0.31368738412857056], 'custom_id': '3c221c6c-9521-4ada-ba85-e6e3f05ef8b9'}, {'document': 'Horror A Emotional Saga of a Car And a Madman who must Discover a Pioneer in California JenniferDavis, MaryTandy, EllenPresley, SpencerD ... (16162 characters truncated) ... 8731508255, -0.2989986538887024, -0.19159135222434998, -0.2429361194372177, -0.2842072546482086], 'custom_id': '4feacd44-c755-4942-9eb0-3d97fde89232'}, {'document': 'Drama A Boring Story of a Teacher And a Student who must Outgun a Cat in An Abandoned Mine Shaft GraceMostel, ScarlettDamon, SidneyCrowe ... (16136 characters truncated) ... 807632446, -0.4880121350288391, -0.23288008570671082, -0.08834026753902435, -1.2153654098510742], 'custom_id': '7971951b-fe2c-4eba-944c-4f031d438918'}, {'document': 'Action A Fanciful Character Study of a Lumberjack And a Car who must Discover a Cat in An Abandoned Amusement Park WoodyJolie, PenelopeM ... (16139 characters truncated) ... 104423523, -0.1879405975341797, -0.47964391112327576, -0.45818182826042175, -0.2114003598690033], 'custom_id': 'efccd90e-9f94-4fb9-b69b-3d91bee058f4'}, {'document': 'Sci-Fi A Astounding Panorama of a Husband And a Sumo Wrestler who must Pursue a Boat in Ancient India ElvisMarx, JodieDegeneres, Angelin ... (16202 characters truncated) ... 553718567, -0.17825689911842346, -0.16454513370990753, -0.5744875073432922, -0.2275550365447998], 'custom_id': '177bdcc0-12c9-470f-af31-2539e5b96b5b'}, {'document': 'New A Fanciful Drama of a Monkey And a Feminist who must Sink a Man in Berlin JuliaBarrymore, PenelopePinkett, MorganMcdormand, RussellT ... (16137 characters truncated) ... 87853813171, -0.6637704968452454, 0.0779011994600296, -0.2560376822948456, -0.28279948234558105], 'custom_id': 'bc5c9b17-0f25-4c25-b28e-620c85f24124'}, {'document': 'Travel A Lacklusture Panorama of a Forensic Psychologist And a Woman who must Kill a Explorer in Ancient Japan ChristianGable, KevinBloo ... (16215 characters truncated) ... 2278099, -0.013866638764739037, -0.11023014783859253, -0.3838123679161072, -0.24233466386795044], 'custom_id': '6f241b20-ab1a-4346-9278-ee6206d021e5'}, {'document': 'Action A Thrilling Epistle of a Moose And a Boy who must Meet a Database Administrator in A Monastery BurtDukakis, CarmenHunt, MaryTandy ... (16182 characters truncated) ... 9666786194, -0.5468069911003113, -0.3771713972091675, -0.6035029888153076, -0.08316399902105331], 'custom_id': '392e2ee2-c818-4a97-bafb-8587c8a0d1a4'}, {'document': 'Animation A Stunning Tale of a Man And a Monkey who must Chase a Student in New Orleans MaeHoffman, EllenPresley, ReeseWest Turn Star',  ... (16121 characters truncated) ... 26803589, 0.07690279185771942, -0.09485344588756561, -0.4343041479587555, -0.024389641359448433], 'custom_id': 'a25422af-6f8b-4a41-81b8-61215777e4e0'}, {'document': 'Sports A Boring Drama of a Man And a Forensic Psychologist who must Face a Frisbee in Ancient India DanTorn, KirkJovovich, MorganWilliam ... (16124 characters truncated) ... 2859220505, -0.1355268508195877, -0.04668763652443886, -0.05341317877173424, 0.1950971633195877], 'custom_id': '8148acc6-31ac-4dd6-aced-1e2798a7c10b'}, {'document': 'Children A Touching Display of a Frisbee And a Boat who must Kill a Girl in A MySQL Convention NatalieHopkins, JudeCruise, AdamGrant Twi ... (16112 characters truncated) ... 579077243805, -0.582218587398529, -0.3100808262825012, -0.9243355989456177, -0.2686498761177063], 'custom_id': '83d3d965-a508-42d7-b6d4-ae9fe9ce83a0'}, {'document': 'Games A Emotional Display of a Husband And a A Shark who must Succumb a Madman in A Manhattan Penthouse VivienBergen, SpencerDepp, Camer ... (16147 characters truncated) ... 81401634216, 0.1646391749382019, -0.2000177949666977, -0.10393783450126648, -0.3743874430656433], 'custom_id': '027edf3f-8df9-4bef-8f28-af83cdb2be00'}, {'document': 'New A Amazing Character Study of a Robot And a Student who must Chase a Robot in Australia KirstenPaltrow, GoldieBrody, ReeseKilmer, Bur ... (16152 characters truncated) ... 668014526, -0.13650162518024445, -0.3716573715209961, -0.5471046566963196, -0.03387787193059921], 'custom_id': '677a701d-d272-4ec2-a135-81648ad608bf'}, {'document': 'Music A Intrepid Yarn of a Explorer And a Pastry Chef who must Pursue a Mad Cow in A U-Boat RayJohansson, MorganHopkins, JaneJackman, Ru ... (16182 characters truncated) ... 95738601685, -1.0170903205871582, -0.6861138343811035, -0.5842714905738831, -0.1793292909860611], 'custom_id': 'ea41272d-9d49-4ca9-8df3-7087cf4da99a'}, {'document': 'Horror A Unbelieveable Display of a Crocodile And a Feminist who must Overcome a Moose in An Abandoned Amusement Park TomMiranda, France ... (16146 characters truncated) ... 56616401672, -0.3263874053955078, 0.16115398705005646, -0.5252504944801331, -0.4113180637359619], 'custom_id': '4e4632a2-b50c-42e4-a8bb-828a4d411b71'}, {'document': 'Drama A Taut Documentary of a Waitress And a Mad Scientist who must Battle a Technical Writer in New Orleans JuliaBarrymore, GregChaplin ... (16186 characters truncated) ... 36532330513, -0.3485333323478699, -0.1376795619726181, 0.05592840537428856, -0.6889978051185608], 'custom_id': '97482873-e05d-42a9-9c99-d2294a61c228'}, {'document': 'Sci-Fi A Taut Epistle of a Monkey And a Sumo Wrestler who must Vanquish a A Shark in A Baloon Factory JenniferDavis, CubaOlivier, JuliaB ... (16213 characters truncated) ... 0733070374, -0.807576596736908, 0.11851727962493896, 0.19425666332244873, 0.0014947764575481415], 'custom_id': 'aa87fa14-4144-4884-85a0-8d7ed247d916'}, {'document': 'Documentary A Fast-Paced Reflection of a Cat And a Mad Cow who must Fight a Car in The Sahara Desert ValBolger, ReeseKilmer, RayJohansso ... (16149 characters truncated) ... 61220169067, -0.1303405910730362, -0.5902801752090454, -0.6227869987487793, -0.7850867509841919], 'custom_id': '1b50ead3-051d-404c-af73-c785aeca0dc5'}, {'document': 'Documentary A Amazing Documentary of a Woman And a Astronaut who must Outrace a Teacher in An Abandoned Fun House JoeSwank, FrancesDay-l ... (16202 characters truncated) ... 068382263, -0.39085111021995544, 0.055550139397382736, 0.07011838257312775, -0.5550042390823364], 'custom_id': '745910ff-a621-4d5a-bed0-209dc4c1aeb2'}, {'document': 'Action A Fanciful Reflection of a Boy And a Butler who must Pursue a Woman in Berlin AnneCronyn, GeneHopkins, BenHarris, HarveyHope, Wil ... (16100 characters truncated) ... 55718302727, -0.3773787021636963, -0.646536111831665, -0.6874614357948303, -0.31155917048454285], 'custom_id': 'd6c3e0ab-b16d-4d6e-8449-7075cb3ba776'}, {'document': 'Children A Fateful Documentary of a Dog And a Hunter who must Pursue a Teacher in An Abandoned Amusement Park ZeroCage, AlecWayne, TimHa ... (16173 characters truncated) ... 1191825867, -0.8371509909629822, -0.4768286347389221, -0.9197364449501038, -0.23053191602230072], 'custom_id': 'f9027a16-3d92-42cf-9284-2ce7852b5d98'}, {'document': 'Foreign A Touching Display of a Explorer And a Lumberjack who must Fight a Forensic Psychologist in A Shark Tank ChristianGable, AudreyO ... (16177 characters truncated) ... 3267936707, -0.3063649833202362, -0.21822935342788696, -0.6839051842689514, -0.1946011483669281], 'custom_id': '4e20b6fd-6e30-4d7b-9577-3845415849d3'}, {'document': 'Sci-Fi A Fanciful Character Study of a Secret Agent And a Mad Scientist who must Reach a Teacher in Australia ChristianGable, FayKilmer, ... (16169 characters truncated) ... 359253, -0.424713671207428, -0.42147016525268555, -0.12567096948623657, -0.00024073805252555758], 'custom_id': '17b31386-8a17-4b6a-8934-b9c5a6f44037'}, {'document': 'Travel A Thrilling Display of a Husband And a Butler who must Reach a Pastry Chef in California BurtDukakis, EdGuiness Valentine Vanishi ... (16126 characters truncated) ... 038438797, -0.48241162300109863, -0.48589250445365906, -0.44962194561958313, -0.940514087677002], 'custom_id': '68511942-79a1-4ff2-9032-3115f56ea183'}, {'document': 'Comedy A Astounding Documentary of a Astronaut And a Boy who must Outrace a Sumo Wrestler in Berlin TomMiranda, CameronWray, BenWillis,  ... (16147 characters truncated) ... 971099853516, -0.742638349533081, 0.10254599153995514, -0.548586905002594, -0.04385567083954811], 'custom_id': '16f3d044-6005-4c6a-b765-0a697271f4af'}, {'document': 'New A Epic Story of a Lumberjack And a Monkey who must Confront a Pioneer in A MySQL Convention JohnnyCage, MegHawke, RichardPenn, EdMan ... (16159 characters truncated) ... 97766876221, 0.22760148346424103, -0.13094975054264069, -0.6849765181541443, 0.4173014163970947], 'custom_id': 'e2a6138b-fa23-47c8-bf7b-50f2d862cdab'}, {'document': 'Games A Fast-Paced Saga of a Girl And a Forensic Psychologist who must Redeem a Girl in Nigeria GrouchoDunst, WhoopiHurt Vanilla Day', ' ... (16108 characters truncated) ... 58236313, -0.0002994842652697116, -0.4305950999259949, -0.05061512812972069, 0.9250975847244263], 'custom_id': '871063dd-f786-4ce5-8c2c-a70e0d14fb33'}, {'document': 'New A Intrepid Character Study of a Squirrel And a A Shark who must Kill a Lumberjack in California SandraKilmer, AngelinaAstaire Vanish ... (16130 characters truncated) ... 42075348, -0.18612007796764374, -0.8871077299118042, -0.16584272682666779, -0.09746595472097397], 'custom_id': '29dccfd9-07e9-4a92-89ee-1ed402ee4fb7'}, {'document': 'Music A Brilliant Reflection of a Man And a Woman who must Conquer a Pioneer in A MySQL Convention MatthewJohansson, DanHarris, GaryPenn ... (16127 characters truncated) ... 5115342140198, -0.445514053106308, -0.14807358384132385, -0.795091986656189, 0.4576713442802429], 'custom_id': '212aef4b-4155-4061-9836-1641cc05915b'}, {'document': 'New A Action-Packed Character Study of a Astronaut And a Explorer who must Reach a Monkey in A MySQL Convention NickStallone, MenaTemple ... (16161 characters truncated) ... 513671875, -0.20851607620716095, -0.15992720425128937, -0.3617013692855835, 0.36032095551490784], 'custom_id': 'd2f6836f-b183-45df-88ae-80467c3d3fb5'}, {'document': 'Comedy A Lacklusture Tale of a Pastry Chef And a Technical Writer who must Confront a Crocodile in An Abandoned Amusement Park ZeroCage, ... (16194 characters truncated) ... 5280075073, -1.0432957410812378, 0.37501010298728943, -0.27889445424079895, -0.7116703987121582], 'custom_id': '0c597db3-a483-4317-b1b8-b0464d916e48'}, {'document': 'Comedy A Unbelieveable Display of a Mad Scientist And a Mad Scientist who must Outgun a Mad Cow in Ancient Japan PenelopeGuiness, DanStr ... (16115 characters truncated) ... 5683403015, -0.7556023001670837, -0.01967603899538517, -0.49896514415740967, -0.405818372964859], 'custom_id': 'e61dc44a-f827-4784-8776-e6ef7bb800f0'}, {'document': 'Sports A Insightful Epistle of a Mad Scientist And a Explorer who must Challenge a Cat in The Sahara Desert GaryPhoenix, KennethPesci, D ... (16137 characters truncated) ... 3029234409332, -0.6923360824584961, -0.3178705871105194, 0.0739884003996849, 0.0467977412045002], 'custom_id': '50de5180-fec9-44b7-8458-f1e2a4bfd19c'}, {'document': 'Games A Lacklusture Display of a Girl And a Astronaut who must Succumb a Student in Australia RalphCruz, ChristopherBerry, SusanDavis, I ... (16121 characters truncated) ... 68751907, -0.10146250575780869, -0.09277909994125366, -0.05657201632857323, 0.05333414301276207], 'custom_id': 'cc98ff88-1dd9-4229-ac65-b6e4bf400630'}, {'document': 'Drama A Lacklusture Display of a Butler And a Man who must Sink a Explorer in Soviet Georgia JodieDegeneres, MatthewLeigh Vietnam Smooch ... (16089 characters truncated) ... 15806007385, -0.6635948419570923, -0.32439666986465454, -0.123939648270607, -1.2557592391967773], 'custom_id': 'bd3541a1-9003-44e6-aaae-7cb67f7e0b94'}, {'document': 'Documentary A Boring Yarn of a Pioneer And a Feminist who must Redeem a Cat in An Abandoned Amusement Park DustinTautou, CaryMcconaughey ... (16109 characters truncated) ... 680000305, -0.49284929037094116, 0.024455739185214043, 0.03453740105032921, -0.8990854024887085], 'custom_id': 'e96208cc-0527-4356-b0bc-d64aa0b576f3'}, {'document': 'Drama A Awe-Inspiring Documentary of a Robot And a Mad Scientist who must Reach a Database Administrator in A Shark Tank DanTorn, AlecWa ... (16228 characters truncated) ... 1548862457, -0.531895637512207, -0.3367128372192383, -0.32082077860832214, -0.07515272498130798], 'custom_id': 'a557fb45-fab3-4f08-8f44-cdc08f5ce6e7'}, {'document': 'Documentary A Emotional Panorama of a Dentist And a Crocodile who must Meet a Boy in Berlin KarlBerry, SandraPeck, CameronWray, JessicaB ... (16177 characters truncated) ... 09560585022, 0.04070001468062401, 0.18483564257621765, -0.6154768466949463, -0.3717781901359558], 'custom_id': '631c068c-3755-4ecd-be2c-3899f0011e00'}, {'document': 'Family A Fateful Tale of a Database Administrator And a Squirrel who must Discover a Student in Soviet Georgia DustinTautou, GaryPenn, J ... (16135 characters truncated) ... 1427001953, -0.0693730041384697, -0.4156781733036041, 0.06826983392238617, -0.25100988149642944], 'custom_id': '2c19fe63-d87e-4572-a69e-9810cb3e8dcf'}, {'document': 'Foreign A Thoughtful Documentary of a Dog And a Man who must Sink a Man in A Shark Tank MenaTemple, MegHawke, RussellTemple, Christopher ... (16153 characters truncated) ... 34585571289, -0.3537786304950714, -0.5687267184257507, -0.44887611269950867, -0.913958728313446], 'custom_id': '366adfaf-91c2-4167-8e49-4c6f167fb60f'}, {'document': 'New A Amazing Panorama of a Pioneer And a Student who must Overcome a Mad Scientist in A Manhattan Penthouse VivienBergen, HelenVoight,  ... (16119 characters truncated) ... 03561401367, -0.5474213361740112, -0.3956436812877655, -0.5042394399642944, -0.3502907156944275], 'custom_id': '5ff480c7-78c5-4ce6-92ad-f49a8455358e'}, {'document': 'Games A Awe-Inspiring Yarn of a Hunter And a Feminist who must Challenge a Dentist in The Outback CubaOlivier, AlbertNolte, CateMcqueen, ... (16162 characters truncated) ... 4717273712, 0.0007200432009994984, 0.075332410633564, -0.21387538313865662, 0.47234493494033813], 'custom_id': 'defe8261-8cf3-4de8-b351-6dc10eecaa54'}, {'document': 'Classics A Boring Tale of a Dog And a Woman who must Meet a Dentist in California AudreyOlivier, GaryPenn, KennethTorn, ChrisDepp, Reese ... (16121 characters truncated) ... 60299683, -0.40730616450309753, -0.031150169670581818, -0.6244032979011536, -0.7512723803520203], 'custom_id': '8e743439-26b5-44d9-987a-2bae22ef234e'}, {'document': 'Classics A Epic Tale of a Squirrel And a Hunter who must Conquer a Boy in An Abandoned Mine Shaft CarmenHunt, JayneNeeson, AngelaHudson, ... (16156 characters truncated) ... 25590133667, -0.6450183987617493, -0.3622388541698456, -1.1276804208755493, 0.15618939697742462], 'custom_id': '78261c7a-301b-4a07-8a8d-7b2004f66933'}, {'document': 'Documentary A Intrepid Drama of a Moose And a Boat who must Kill a Explorer in A Manhattan Penthouse NickStallone, HenryBerry, SpencerPe ... (16128 characters truncated) ... 2394180298, -0.5053160190582275, -0.6523103713989258, -0.37395501136779785, -0.7329880595207214], 'custom_id': '95798ce4-b10b-40bc-ae19-c24b7c46ac27'}, {'document': 'Animation A Intrepid Epistle of a Woman And a Forensic Psychologist who must Succumb a Astronaut in A Manhattan Penthouse WoodyHoffman,  ... (16220 characters truncated) ... 706510543823, -0.7056612372398376, -0.5422936081886292, 0.5242465734481812, 0.28277650475502014], 'custom_id': '6dc97d85-d4da-4868-9ae7-840ad63305ea'}, {'document': 'New A Beautiful Saga of a Feminist And a Composer who must Challenge a Moose in Berlin WoodyJolie, SidneyCrowe, MerylGibson, ChrisDepp,  ... (16097 characters truncated) ... 98374939, -0.631691575050354, 0.009370648302137852, -0.013453060761094093, -0.09908497333526611], 'custom_id': '858f18aa-9272-4d9f-80c3-6944aa2623bc'}, {'document': 'Children A Insightful Panorama of a Teacher And a Teacher who must Overcome a Mad Cow in An Abandoned Fun House ChrisBridges, SylvesterD ... (16156 characters truncated) ... 31719589233, -0.18708357214927673, -0.7872443199157715, -1.0824774503707886, -1.161344289779663], 'custom_id': '04aad506-cb8b-46f7-a3cf-7e8f42be7f1d'}, {'document': 'Games A Insightful Drama of a A Shark And a Pioneer who must Find a Womanizer in The Outback BurtDukakis, AdamGrant, SeanWilliams, Milla ... (16164 characters truncated) ... 342500687, -0.2326977401971817, 0.07324757426977158, -0.3117780089378357, -0.013560575433075428], 'custom_id': 'b9482510-75f4-4348-9e9b-a2054f40675c'}, {'document': 'Foreign A Boring Drama of a Teacher And a Sumo Wrestler who must Challenge a Secret Agent in The Canadian Rockies GraceMostel, HelenVoig ... (16203 characters truncated) ... 95332336, -0.43228474259376526, -0.06118544936180115, -0.32686296105384827, -0.7108046412467957], 'custom_id': '05187e0b-5bc1-4870-bae3-31788f9c8edb'}, {'document': 'Drama A Action-Packed Display of a Mad Cow And a Astronaut who must Kill a Car in Ancient India NickWahlberg, KirkJovovich, AngelinaAsta ... (16206 characters truncated) ... 327346802, -0.43479421734809875, -0.5051019787788391, -0.36844491958618164, -0.7699092626571655], 'custom_id': '7c8a0968-a0f0-420b-a9c0-df0e42d9d9da'}, {'document': 'Children A Astounding Yarn of a Pioneer And a Crocodile who must Defeat a A Shark in The Outback GraceMostel, HelenVoight, WillWilson, G ... (16158 characters truncated) ... 45006370544, -0.42152294516563416, 0.34840452671051025, -1.277261734008789, -0.3006468415260315], 'custom_id': '9250b68d-e68e-4d3a-a89e-ecb72e9af8c9'}, {'document': 'Documentary A Taut Reflection of a Teacher And a Database Administrator who must Chase a Madman in The Sahara Desert MaryTandy, MinnieZe ... (16132 characters truncated) ... 907699585, -0.5290959477424622, -0.011223088018596172, 0.035038672387599945, -0.502480149269104], 'custom_id': '5c84583d-bfd0-495d-862b-3c79524fede0'}, {'document': 'Foreign A Awe-Inspiring Reflection of a Cat And a Pioneer who must Escape a Hunter in Ancient China MenaTemple, SpencerPeck, SusanDavis, ... (16153 characters truncated) ... 8815612793, -0.47047990560531616, -0.3308541178703308, -0.5827195048332214, -0.7382906079292297], 'custom_id': '16ab15a8-7bd4-4a67-9506-83b6d898f77a'}, {'document': 'Classics A Fanciful Story of a Database Administrator And a Womanizer who must Fight a Database Administrator in Ancient China LucilleTr ... (16184 characters truncated) ... 2598991394, -0.38072049617767334, 0.09312693774700165, -0.4298875331878662, 0.03511602431535721], 'custom_id': '77e23d54-96c4-4e3e-a429-23dd969df646'}, {'document': 'Animation A Fast-Paced Yarn of a Dog And a Frisbee who must Conquer a Hunter in Nigeria ValBolger, FayKilmer, CaryMcconaughey, GrouchoSi ... (16131 characters truncated) ... 3268547058, -0.1496644914150238, -0.27339354157447815, -0.5774263739585876, 0.49044176936149597], 'custom_id': 'c3930b5f-95fd-4e85-91da-9d852492fdb0'}, {'document': 'Action A Unbelieveable Documentary of a Dentist And a Technical Writer who must Build a Womanizer in Nigeria JoeSwank, ChristianGable, E ... (16186 characters truncated) ... 143081665, 0.11063067615032196, -0.36762920022010803, -0.3267821967601776, -0.35919874906539917], 'custom_id': 'a71058a0-20b9-4703-bb27-627ea7c867c9'}, {'document': 'Horror A Emotional Yarn of a Boat And a Crocodile who must Meet a Moose in Soviet Georgia MillaPeck, DanHarris, AngelaHudson, AlbertNolt ... (16173 characters truncated) ... 5310935974, -0.3655991852283478, -0.03776642307639122, -1.0410454273223877, -0.3357735574245453], 'custom_id': 'a8142af6-07e9-4d27-987d-155ce772c45e'}, {'document': 'Documentary A Action-Packed Tale of a Student And a Waitress who must Conquer a Lumberjack in An Abandoned Mine Shaft EdChase, Christian ... (16239 characters truncated) ... 2483215332, -0.34792786836624146, -0.3223663866519928, -0.9823733568191528, -0.7247345447540283], 'custom_id': 'fbe185c6-b3e4-4a6f-a318-c43e4d4a488c'}, {'document': 'Sci-Fi A Fast-Paced Documentary of a Car And a Butler who must Find a Frisbee in A Jet Boat EdChase, FredCostner, JuliaMcqueen, JimMoste ... (16242 characters truncated) ... 8053226471, -0.2670601010322571, -0.4215051233768463, -0.21795471012592316, 0.09215612709522247], 'custom_id': '93567f3a-a692-499b-8cc0-536404bc355c'}, {'document': 'Action A Fanciful Story of a Man And a Sumo Wrestler who must Outrace a Student in A Monastery CubaOlivier, GrouchoSinatra, KennethPesci ... (16145 characters truncated) ... 8611240387, -0.2772187888622284, 0.05024079978466034, -0.6782781481742859, -0.02951700985431671], 'custom_id': 'c65b6971-f427-4e2f-8a90-da4ac0e35875'}, {'document': 'Drama A Intrepid Drama of a Butler And a Lumberjack who must Challenge a Database Administrator in A Manhattan Penthouse ZeroCage, Camer ... (16204 characters truncated) ... 96507263184, -0.1983739286661148, -0.5321412682533264, -0.4846193492412567, -0.4210190773010254], 'custom_id': '9d85150e-2d85-42ef-a60a-074db09249fa'}, {'document': 'Classics A Lacklusture Tale of a Butler And a Husband who must Face a Boy in Ancient China PenelopeGuiness, VivienBergen, PenelopePinket ... (16168 characters truncated) ... 99963951111, -0.4016505777835846, 0.01372164860367775, -0.9507468342781067, -1.1439180374145508], 'custom_id': 'd2e60f86-a05e-4db0-a53c-56e0c48c1842'}, {'document': 'Foreign A Intrepid Story of a Pastry Chef And a Database Administrator who must Kill a Feminist in A MySQL Convention EdChase, AudreyOli ... (16146 characters truncated) ... 5159302, -0.22132915258407593, -0.46303603053092957, -0.12672993540763855, -0.18381521105766296], 'custom_id': '63e8f8ea-eb98-441c-885a-9eea0c2ab58f'}, {'document': 'Sci-Fi A Intrepid Story of a Dentist And a Hunter who must Confront a Monkey in Ancient Japan MillaPeck, JessicaBailey, BelaWalken Whisp ... (16089 characters truncated) ... 90474700928, -0.03500400483608246, 0.07915396243333817, -0.28643494844436646, 0.599412739276886], 'custom_id': '9557892b-e027-4b0b-ad97-888c57b51461'}, {'document': 'Documentary A Awe-Inspiring Epistle of a Teacher And a Feminist who must Confront a Pioneer in Ancient Japan WoodyHoffman, JuliaBarrymor ... (16159 characters truncated) ... 1698951721, -0.47275111079216003, -0.15154245495796204, 0.2354779988527298, -0.5463891625404358], 'custom_id': 'ca4b6e48-8c56-4768-890c-3b05985e21f7'}, {'document': 'New A Beautiful Story of a Monkey And a Sumo Wrestler who must Conquer a A Shark in A MySQL Convention JoeSwank, GaryPhoenix, LisaMonroe ... (16141 characters truncated) ... 4865188599, -0.4115903675556183, -0.02134745940566063, -0.5235626101493835, 0.23183391988277435], 'custom_id': 'a50d660e-925a-425f-a23d-d48828bb3192'}, {'document': 'Family A Brilliant Panorama of a Boat And a Astronaut who must Challenge a Teacher in A Manhattan Penthouse ReeseKilmer, JamesPitt Willo ... (16118 characters truncated) ... 8321304321, -0.3289273977279663, -0.31163185834884644, -0.7635091543197632, -1.0666979551315308], 'custom_id': '88ab2b1c-32a7-4fea-8c0f-4973c27bed9d'}, {'document': 'Games A Touching Saga of a Madman And a Forensic Psychologist who must Build a Sumo Wrestler in An Abandoned Mine Shaft CharlizeDench, E ... (16116 characters truncated) ... 502809524536, -0.21725137531757355, 0.09601645916700363, 0.5907970666885376, 0.5467942953109741], 'custom_id': 'b0efb501-a646-415d-a9c6-49684bc96fb4'}, {'document': 'Travel A Astounding Character Study of a Womanizer And a Hunter who must Escape a Robot in A Monastery LucilleTracy, AnneCronyn, GinaDeg ... (16155 characters truncated) ... 7431974411, -0.4563280940055847, -0.48484495282173157, -0.06853723526000977, 0.5316522121429443], 'custom_id': '6d8264e3-e637-41d9-8d5a-7525af516947'}, {'document': 'Comedy A Unbelieveable Saga of a Forensic Psychologist And a Student who must Face a Squirrel in The First Manned Space Station SissySob ... (16186 characters truncated) ... 1326942444, -0.9498871564865112, -0.41777822375297546, -0.06456636637449265, 0.5339457392692566], 'custom_id': '3a99ccb3-e6c6-4f6c-9257-447f36e38114'}, {'document': 'Drama A Awe-Inspiring Drama of a Secret Agent And a Hunter who must Fight a Moose in Nigeria RalphCruz, SpencerDepp, WalterTorn, ReeseWe ... (16134 characters truncated) ... 61926841736, -0.3228186070919037, -0.163341224193573, -0.6571828126907349, -0.05822240933775902], 'custom_id': '77d6fc6f-e8bd-4ef1-86d0-32388fcb4816'}, {'document': 'Music A Lacklusture Display of a Robot And a Girl who must Defeat a Sumo Wrestler in A MySQL Convention PenelopeGuiness, ChristianGable, ... (16219 characters truncated) ... 002693474292755, -0.708528459072113, -0.10551087558269501, -0.84339839220047, 0.235140860080719], 'custom_id': '16cf2a87-ee73-4e08-a312-29d9d01ff2b2'}, {'document': 'Travel A Fast-Paced Drama of a Squirrel And a Robot who must Succumb a Technical Writer in A Manhattan Penthouse SandraKilmer, JayneNees ... (16178 characters truncated) ... 3512306213, -0.6260858178138733, -0.7149868607521057, -0.16173359751701355, 0.14256572723388672], 'custom_id': '7d4e6745-1846-49ab-ad7b-a9d8d7e1ad52'}, {'document': 'Action A Insightful Documentary of a Waitress And a Butler who must Vanquish a Composer in Australia NickStallone, ChristopherBerry, Ell ... (16143 characters truncated) ... 8907928467, -0.42141076922416687, -0.4460495412349701, -0.3821393549442291, -1.2480913400650024], 'custom_id': '32963194-972e-43b6-ad68-335672747f5b'}, {'document': 'Music A Unbelieveable Documentary of a Teacher And a Monkey who must Defeat a Explorer in A U-Boat ChristianGable, KirstenPaltrow, LisaM ... (16181 characters truncated) ... 463928223, -0.9304932355880737, -0.40549710392951965, -0.6819401979446411, -0.25072887539863586], 'custom_id': '0e255d82-7b21-4fb9-9d02-bc6beb1e699c'}, {'document': 'Foreign A Boring Panorama of a Woman And a Madman who must Overcome a Butler in A U-Boat DustinTautou, SusanDavis, PenelopeCronyn, Humph ... (16129 characters truncated) ... 257434845, -0.3766953647136688, -0.08960846811532974, -0.20989885926246643, -1.0070586204528809], 'custom_id': '34161e00-7d5d-4080-a895-b91aa529f7c3'}, {'document': 'Sci-Fi A Awe-Inspiring Character Study of a Waitress And a Car who must Pursue a Mad Scientist in The First Manned Space Station CubaOli ... (16151 characters truncated) ... 33299827576, -0.624078094959259, -0.21395806968212128, -0.2754567861557007, 0.17288552224636078], 'custom_id': '49943a60-f689-48fc-bdec-c58c0ecaaf91'}, {'document': 'Animation A Brilliant Saga of a Boat And a Mad Scientist who must Meet a Moose in Ancient India JuliaMcqueen, HenryBerry Wonka Sea', 'co ... (16084 characters truncated) ... 20109939575, -0.6040391325950623, -0.21345271170139313, -0.766634464263916, 0.09681162238121033], 'custom_id': '4d271ff4-f1f8-4921-83ef-e3f8d7f2af11'}, {'document': 'Music A Action-Packed Reflection of a Composer And a Mad Scientist who must Face a Pioneer in A MySQL Convention GeneWillis, SusanDavis, ... (16165 characters truncated) ... 11943244934, -0.5415537357330322, -0.4527261257171631, -0.7832760214805603, 0.13717077672481537], 'custom_id': 'a65c3b16-f23f-4067-8672-ff1a4adeb6ed'}, {'document': 'Travel A Action-Packed Yarn of a Secret Agent And a Technical Writer who must Battle a Sumo Wrestler in The First Manned Space Station Z ... (16237 characters truncated) ... 779853821, -0.780366063117981, -0.2864301800727844, -0.13544605672359467, -0.004896515980362892], 'custom_id': 'ec85a0e3-6d58-454d-98df-6acb93d7c1d8'}, {'document': 'Travel A Stunning Epistle of a Dentist And a Dog who must Kill a Madman in Ancient China ValBolger, KennethTorn, LucilleDee, GeoffreyHes ... (16160 characters truncated) ... 73551750183, -0.627921998500824, -0.39603516459465027, -0.2492809146642685, -0.5113921165466309], 'custom_id': 'fd6edaf8-c824-4db4-a03a-aa256946cdeb'}, {'document': 'Horror A Unbelieveable Tale of a Pioneer And a Astronaut who must Overcome a Robot in An Abandoned Amusement Park GaryPhoenix, PenelopeP ... (16222 characters truncated) ... 28225708, -0.48809438943862915, 0.11088383197784424, -0.11199473589658737, 0.044449131935834885], 'custom_id': '8fceb15f-9d65-48c5-b914-df214330a804'}, {'document': 'Action A Thrilling Drama of a Madman And a Dentist who must Conquer a Boy in The Outback ParkerGoldberg, KirstenAkroyd, SpencerDepp, Mat ... (16140 characters truncated) ... 19494438171, 0.0172603577375412, -0.01788550242781639, -0.8110284209251404, -0.7749525308609009], 'custom_id': '0cc46783-f85f-4a31-a04f-5e7ba1134031'}, {'document': 'Documentary A Intrepid Reflection of a Technical Writer And a Hunter who must Defeat a Sumo Wrestler in A Monastery SpencerDepp, CateHar ... (16165 characters truncated) ... 72355461121, -0.187468022108078, -0.07235438376665115, -0.3764467239379883, -0.5636324882507324], 'custom_id': 'c2413171-fd62-4e32-a9d4-9a3693b36d7c'}, {'document': 'Children A Emotional Saga of a Crocodile And a Sumo Wrestler who must Discover a Mad Cow in New Orleans MillaPeck, GaryPhoenix, CaryMcco ... (16228 characters truncated) ... 237159729, -0.2791891396045685, -0.015978310257196426, -1.1956562995910645, -0.6687602996826172], 'custom_id': '634a50e7-668c-46ef-bae9-374873fecb66'}, {'document': 'New A Awe-Inspiring Panorama of a Robot And a Boat who must Overcome a Feminist in A U-Boat BetteNicholson, WoodyHoffman, SidneyCrowe, H ... (16178 characters truncated) ... 7659988403, -0.5906140804290771, -0.6288713216781616, -0.7616379857063293, -0.30312561988830566], 'custom_id': 'ffeec724-fa20-4b7c-846e-8e93d0068d5d'}, {'document': 'Horror A Amazing Display of a Robot And a Astronaut who must Fight a Womanizer in Berlin ReeseWest Yentl Idaho', 'collection_id': UUID(' ... (16069 characters truncated) ... 59262085, -0.39569753408432007, -0.1127454936504364, -0.20891675353050232, -0.15945836901664734], 'custom_id': 'ce2eeefa-3642-4a84-9998-c6d19cc22c8a'}, {'document': 'Documentary A Unbelieveable Yarn of a Boat And a Database Administrator who must Meet a Boy in The First Manned Space Station EdChase, J ... (16174 characters truncated) ... 318984985, -0.4678449332714081, -0.26625093817710876, -0.4991419017314911, -0.07638402283191681], 'custom_id': 'fe6e51d6-6335-4652-be36-dbcf8f3dbb1a'}, {'document': 'Music A Touching Drama of a Teacher And a Cat who must Challenge a Technical Writer in A U-Boat SandraKilmer, ValBolger, ScarlettBening, ... (16133 characters truncated) ... 5236663818, -0.6865288615226746, -0.43509209156036377, -1.0393692255020142, -0.9506101608276367], 'custom_id': '02430513-e449-4286-89ef-173a17684ccb'}, {'document': 'Horror A Fateful Yarn of a Composer And a Man who must Face a Boy in The Canadian Rockies UmaWood, NickStallone, GaryPenn, SalmaNolte, K ... (16134 characters truncated) ... 8055610657, -0.2332722544670105, 0.24185492098331451, -0.5576888918876648, -0.20052453875541687], 'custom_id': 'b54b5bd7-1ab5-45a6-868d-7ca91c9b33b6'}, {'document': 'Children A Fateful Reflection of a Waitress And a Boat who must Discover a Sumo Wrestler in Ancient China CarmenHunt, MaryTandy, Penelop ... (16161 characters truncated) ... 90180015564, -0.7574423551559448, 0.1648215651512146, -1.0433660745620728, -0.30348822474479675], 'custom_id': 'd6b16c78-255c-4afc-a2f4-61ace1e372f5'}, {'document': 'Comedy A Intrepid Panorama of a Mad Scientist And a Boy who must Redeem a Boy in A Monastery IanTandy, NickDegeneres, LisaMonroe Zorro A ... (16096 characters truncated) ... 99435425, -0.7603009343147278, -0.024884050711989403, -0.9911868572235107, -0.24199578166007996], 'custom_id': '3198c903-3698-460b-9427-aeb319afe29c'}, {'document': 'Ely Jared jared.ely@sakilacustomer.org', 'collection_id': UUID('8630a875-4825-4716-a847-24e438aeea8f'), 'cmetadata': {'source_table': 'c ... (16068 characters truncated) ... 7160511017, 0.2985434830188751, -1.1717209815979004, -1.1623077392578125, -0.037823814898729324], 'custom_id': '56828990-4a4b-4c6e-850e-b27c71804d7a'}, {'document': 'Smith Mary mary.smith@sakilacustomer.org', 'collection_id': UUID('8630a875-4825-4716-a847-24e438aeea8f'), 'cmetadata': {'source_table':  ... (16106 characters truncated) ... 91721248627, 0.3431395888328552, -1.0097472667694092, -0.8858707547187805, -0.12800921499729156], 'custom_id': '51ad0e09-6900-4a42-8cb8-172bf274dff4'}, {'document': 'Johnson Patricia patricia.johnson@sakilacustomer.org', 'collection_id': UUID('8630a875-4825-4716-a847-24e438aeea8f'), 'cmetadata': {'sou ... (16090 characters truncated) ... 52261352539, 0.21305011212825775, -0.9634068012237549, -0.5752466917037964, -0.5666238069534302], 'custom_id': '375a179a-e34f-4cb1-87fe-b7d517e81d2b'}]]
2025-01-15 14:31:34,583 - INFO - Found 22 tables and 7 views
2025-01-15 14:31:34,583 - INFO - Generated 22 configurations
2025-01-15 14:31:34,799 - ERROR - Error processing nicer_but_slower_film_list: isinstance expected 2 arguments, got 3
2025-01-15 14:31:34,850 - ERROR - Error processing customer: isinstance expected 2 arguments, got 3
2025-01-15 14:31:34,921 - ERROR - Error processing sales_by_film_category: isinstance expected 2 arguments, got 3
2025-01-15 14:31:34,962 - ERROR - Error processing customer_list: column "zip" does not exist
LINE 3:                         SELECT notes, city, zip code, countr...
                                                    ^

2025-01-15 14:31:35,015 - ERROR - Error processing film: isinstance expected 2 arguments, got 3
2025-01-15 14:31:35,098 - ERROR - Error processing sales_by_store: isinstance expected 2 arguments, got 3
2025-01-15 14:31:35,175 - ERROR - Error processing film_list: isinstance expected 2 arguments, got 3
2025-01-15 14:31:35,218 - ERROR - Error processing staff: isinstance expected 2 arguments, got 3
2025-01-15 14:31:35,268 - ERROR - Error processing address: isinstance expected 2 arguments, got 3
2025-01-15 14:31:35,311 - ERROR - Error processing staff_list: column "zip" does not exist
LINE 3: ...            SELECT phone, name, address, country, zip code, ...
                                                             ^

2025-01-15 14:31:35,358 - ERROR - Error processing category: isinstance expected 2 arguments, got 3
2025-01-15 14:31:35,949 - ERROR - Error processing actor_info: isinstance expected 2 arguments, got 3
2025-01-15 14:31:35,997 - ERROR - Error processing city: isinstance expected 2 arguments, got 3
2025-01-15 14:31:36,039 - ERROR - Error processing country: isinstance expected 2 arguments, got 3
2025-01-15 14:31:36,089 - ERROR - Error processing actor: isinstance expected 2 arguments, got 3
2025-01-15 14:31:36,684 - ERROR - Error processing actor_info: isinstance expected 2 arguments, got 3
2025-01-15 14:31:36,741 - ERROR - Error processing customer_list: isinstance expected 2 arguments, got 3
2025-01-15 14:31:36,817 - ERROR - Error processing film_list: isinstance expected 2 arguments, got 3
2025-01-15 14:31:36,900 - ERROR - Error processing nicer_but_slower_film_list: isinstance expected 2 arguments, got 3
2025-01-15 14:31:36,979 - ERROR - Error processing sales_by_film_category: isinstance expected 2 arguments, got 3
2025-01-15 14:31:37,064 - ERROR - Error processing sales_by_store: isinstance expected 2 arguments, got 3
2025-01-15 14:31:37,113 - ERROR - Error processing staff_list: isinstance expected 2 arguments, got 3
2025-01-15 14:31:37,209 - INFO - Vector store creation completed
2025-01-15 14:45:57,967 - INFO - Found 22 tables and 7 views
2025-01-15 14:45:57,967 - INFO - Generated 22 configurations
2025-01-15 14:45:58,164 - ERROR - Error processing nicer_but_slower_film_list: isinstance expected 2 arguments, got 3
2025-01-15 14:45:58,218 - ERROR - Error processing customer: isinstance expected 2 arguments, got 3
2025-01-15 14:45:58,292 - ERROR - Error processing sales_by_film_category: isinstance expected 2 arguments, got 3
2025-01-15 14:45:58,333 - ERROR - Error processing customer_list: column "zip" does not exist
LINE 3:                         SELECT notes, city, zip code, countr...
                                                    ^

2025-01-15 14:45:58,501 - ERROR - Error processing film: isinstance expected 2 arguments, got 3
2025-01-15 14:45:58,577 - ERROR - Error processing sales_by_store: isinstance expected 2 arguments, got 3
2025-01-15 14:45:58,662 - ERROR - Error processing film_list: isinstance expected 2 arguments, got 3
2025-01-15 14:45:58,706 - ERROR - Error processing staff: isinstance expected 2 arguments, got 3
2025-01-15 14:45:58,750 - ERROR - Error processing address: isinstance expected 2 arguments, got 3
2025-01-15 14:45:58,895 - ERROR - Error processing staff_list: column "zip" does not exist
LINE 3: ...            SELECT phone, name, address, country, zip code, ...
                                                             ^

2025-01-15 14:45:59,047 - ERROR - Error processing category: isinstance expected 2 arguments, got 3
2025-01-15 14:45:59,646 - ERROR - Error processing actor_info: isinstance expected 2 arguments, got 3
2025-01-15 14:45:59,696 - ERROR - Error processing city: isinstance expected 2 arguments, got 3
2025-01-15 14:45:59,740 - ERROR - Error processing country: isinstance expected 2 arguments, got 3
2025-01-15 14:45:59,785 - ERROR - Error processing actor: isinstance expected 2 arguments, got 3
2025-01-15 14:46:00,380 - ERROR - Error processing actor_info: isinstance expected 2 arguments, got 3
2025-01-15 14:46:00,437 - ERROR - Error processing customer_list: isinstance expected 2 arguments, got 3
2025-01-15 14:46:00,611 - ERROR - Error processing film_list: isinstance expected 2 arguments, got 3
2025-01-15 14:46:00,702 - ERROR - Error processing nicer_but_slower_film_list: isinstance expected 2 arguments, got 3
2025-01-15 14:46:00,762 - ERROR - Error processing sales_by_film_category: isinstance expected 2 arguments, got 3
2025-01-15 14:46:00,849 - ERROR - Error processing sales_by_store: isinstance expected 2 arguments, got 3
2025-01-15 14:46:00,899 - ERROR - Error processing staff_list: isinstance expected 2 arguments, got 3
2025-01-15 14:46:00,988 - INFO - Vector store creation completed
